CREATE TABLE IF NOT EXISTS "account_emailaddress" ("id" integer NOT NULL PRIMARY KEY AUTOINCREMENT, "verified" bool NOT NULL, "primary" bool NOT NULL, "user_id" integer NOT NULL REFERENCES "auth_user" ("id") DEFERRABLE INITIALLY DEFERRED, "email" varchar(254) NOT NULL UNIQUE);
CREATE UNIQUE INDEX "auth_group_permissions_group_id_permission_id_0cd325b0_uniq" ON "auth_group_permissions" ("group_id", "permission_id");
CREATE INDEX IF NOT EXISTS "auth_group_permissions_group_id_b120cbf9" ON "auth_group_permissions" ("group_id");
CREATE INDEX IF NOT EXISTS "auth_group_permissions_permission_id_84c5c92e" ON "auth_group_permissions" ("permission_id");
CREATE UNIQUE INDEX "auth_user_groups_user_id_group_id_94350c0c_uniq" ON "auth_user_groups" ("user_id", "group_id");
CREATE INDEX IF NOT EXISTS "auth_user_groups_user_id_6a12ed8b" ON "auth_user_groups" ("user_id");
CREATE INDEX IF NOT EXISTS "auth_user_groups_group_id_97559544" ON "auth_user_groups" ("group_id");
CREATE UNIQUE INDEX "auth_user_user_permissions_user_id_permission_id_14a6b632_uniq" ON "auth_user_user_permissions" ("user_id", "permission_id");
CREATE INDEX IF NOT EXISTS "auth_user_user_permissions_user_id_a95ead1b" ON "auth_user_user_permissions" ("user_id");
CREATE INDEX IF NOT EXISTS "auth_user_user_permissions_permission_id_1fbb5f2c" ON "auth_user_user_permissions" ("permission_id");
CREATE INDEX IF NOT EXISTS "django_admin_log_content_type_id_c4bce8eb" ON "django_admin_log" ("content_type_id");
CREATE INDEX IF NOT EXISTS "django_admin_log_user_id_c564eba6" ON "django_admin_log" ("user_id");
CREATE UNIQUE INDEX "django_content_type_app_label_model_76bd3d3b_uniq" ON "django_content_type" ("app_label", "model");
CREATE UNIQUE INDEX "auth_permission_content_type_id_codename_01ab375a_uniq" ON "auth_permission" ("content_type_id", "codename");
CREATE INDEX IF NOT EXISTS "auth_permission_content_type_id_2f476e4b" ON "auth_permission" ("content_type_id");
CREATE INDEX IF NOT EXISTS "django_session_expire_date_a5c62663" ON "django_session" ("expire_date");
CREATE UNIQUE INDEX "users_profile_likes_profile_id_user_id_68ec7f39_uniq" ON "users_profile_likes" ("profile_id", "user_id");
CREATE INDEX IF NOT EXISTS "users_profile_likes_profile_id_8464ce72" ON "users_profile_likes" ("profile_id");
CREATE INDEX IF NOT EXISTS "users_profile_likes_user_id_558e1c78" ON "users_profile_likes" ("user_id");
CREATE INDEX IF NOT EXISTS "main_chat_author_id_45fd454e" ON "main_chat" ("author_id");
CREATE INDEX IF NOT EXISTS "main_chat_person_to_id_b665086c" ON "main_chat" ("person_to_id");
CREATE INDEX IF NOT EXISTS "account_emailconfirmation_email_address_id_5b7f8c58" ON "account_emailconfirmation" ("email_address_id");
CREATE INDEX IF NOT EXISTS "account_emailaddress_user_id_2c513194" ON "account_emailaddress" ("user_id");
CREATE UNIQUE INDEX "socialaccount_socialtoken_app_id_account_id_fca4e0ac_uniq" ON "socialaccount_socialtoken" ("app_id", "account_id");
CREATE UNIQUE INDEX "socialaccount_socialapp_sites_socialapp_id_site_id_71a9a768_uniq" ON "socialaccount_socialapp_sites" ("socialapp_id", "site_id");
CREATE INDEX IF NOT EXISTS "socialaccount_socialapp_sites_socialapp_id_97fb6e7d" ON "socialaccount_socialapp_sites" ("socialapp_id");
CREATE INDEX IF NOT EXISTS "socialaccount_socialapp_sites_site_id_2579dee5" ON "socialaccount_socialapp_sites" ("site_id");
CREATE INDEX IF NOT EXISTS "socialaccount_socialtoken_account_id_951f210e" ON "socialaccount_socialtoken" ("account_id");
CREATE INDEX IF NOT EXISTS "socialaccount_socialtoken_app_id_636a42d7" ON "socialaccount_socialtoken" ("app_id");
CREATE UNIQUE INDEX "socialaccount_socialaccount_provider_uid_fc810c6e_uniq" ON "socialaccount_socialaccount" ("provider", "uid");
CREATE INDEX IF NOT EXISTS "socialaccount_socialaccount_user_id_8146e70c" ON "socialaccount_socialaccount" ("user_id");
CREATE INDEX IF NOT EXISTS "webpush_pushinformation_group_id_262dcc9a" ON "webpush_pushinformation" ("group_id");
CREATE INDEX IF NOT EXISTS "webpush_pushinformation_subscription_id_7989aa34" ON "webpush_pushinformation" ("subscription_id");
CREATE INDEX IF NOT EXISTS "webpush_pushinformation_user_id_5e083b7f" ON "webpush_pushinformation" ("user_id");
CREATE INDEX IF NOT EXISTS "post_post_author_id_99d134d5" ON "post_post" ("author_id");
CREATE UNIQUE INDEX "post_post_likes_post_id_user_id_eb89d62d_uniq" ON "post_post_likes" ("post_id", "user_id");
CREATE INDEX IF NOT EXISTS "post_post_likes_post_id_9b7090a0" ON "post_post_likes" ("post_id");
CREATE INDEX IF NOT EXISTS "post_post_likes_user_id_42d3de6d" ON "post_post_likes" ("user_id");
CREATE INDEX IF NOT EXISTS "post_comment_author_id_d5c4c360" ON "post_comment" ("author_id");
CREATE INDEX IF NOT EXISTS "post_comment_post_id_ddc2d815" ON "post_comment" ("post_id");
CREATE TABLE IF NOT EXISTS "account_emailconfirmation" ("id" integer NOT NULL PRIMARY KEY AUTOINCREMENT, "created" datetime NOT NULL, "sent" datetime NULL, "key" varchar(64) NOT NULL UNIQUE, "email_address_id" integer NOT NULL REFERENCES "account_emailaddress" ("id") DEFERRABLE INITIALLY DEFERRED);
CREATE UNIQUE INDEX "auth_group_permissions_group_id_permission_id_0cd325b0_uniq" ON "auth_group_permissions" ("group_id", "permission_id");
CREATE INDEX IF NOT EXISTS "auth_group_permissions_group_id_b120cbf9" ON "auth_group_permissions" ("group_id");
CREATE INDEX IF NOT EXISTS "auth_group_permissions_permission_id_84c5c92e" ON "auth_group_permissions" ("permission_id");
CREATE UNIQUE INDEX "auth_user_groups_user_id_group_id_94350c0c_uniq" ON "auth_user_groups" ("user_id", "group_id");
CREATE INDEX IF NOT EXISTS "auth_user_groups_user_id_6a12ed8b" ON "auth_user_groups" ("user_id");
CREATE INDEX IF NOT EXISTS "auth_user_groups_group_id_97559544" ON "auth_user_groups" ("group_id");
CREATE UNIQUE INDEX "auth_user_user_permissions_user_id_permission_id_14a6b632_uniq" ON "auth_user_user_permissions" ("user_id", "permission_id");
CREATE INDEX IF NOT EXISTS "auth_user_user_permissions_user_id_a95ead1b" ON "auth_user_user_permissions" ("user_id");
CREATE INDEX IF NOT EXISTS "auth_user_user_permissions_permission_id_1fbb5f2c" ON "auth_user_user_permissions" ("permission_id");
CREATE INDEX IF NOT EXISTS "django_admin_log_content_type_id_c4bce8eb" ON "django_admin_log" ("content_type_id");
CREATE INDEX IF NOT EXISTS "django_admin_log_user_id_c564eba6" ON "django_admin_log" ("user_id");
CREATE UNIQUE INDEX "django_content_type_app_label_model_76bd3d3b_uniq" ON "django_content_type" ("app_label", "model");
CREATE UNIQUE INDEX "auth_permission_content_type_id_codename_01ab375a_uniq" ON "auth_permission" ("content_type_id", "codename");
CREATE INDEX IF NOT EXISTS "auth_permission_content_type_id_2f476e4b" ON "auth_permission" ("content_type_id");
CREATE INDEX IF NOT EXISTS "django_session_expire_date_a5c62663" ON "django_session" ("expire_date");
CREATE UNIQUE INDEX "users_profile_likes_profile_id_user_id_68ec7f39_uniq" ON "users_profile_likes" ("profile_id", "user_id");
CREATE INDEX IF NOT EXISTS "users_profile_likes_profile_id_8464ce72" ON "users_profile_likes" ("profile_id");
CREATE INDEX IF NOT EXISTS "users_profile_likes_user_id_558e1c78" ON "users_profile_likes" ("user_id");
CREATE INDEX IF NOT EXISTS "main_chat_author_id_45fd454e" ON "main_chat" ("author_id");
CREATE INDEX IF NOT EXISTS "main_chat_person_to_id_b665086c" ON "main_chat" ("person_to_id");
CREATE INDEX IF NOT EXISTS "account_emailconfirmation_email_address_id_5b7f8c58" ON "account_emailconfirmation" ("email_address_id");
CREATE INDEX IF NOT EXISTS "account_emailaddress_user_id_2c513194" ON "account_emailaddress" ("user_id");
CREATE UNIQUE INDEX "socialaccount_socialtoken_app_id_account_id_fca4e0ac_uniq" ON "socialaccount_socialtoken" ("app_id", "account_id");
CREATE UNIQUE INDEX "socialaccount_socialapp_sites_socialapp_id_site_id_71a9a768_uniq" ON "socialaccount_socialapp_sites" ("socialapp_id", "site_id");
CREATE INDEX IF NOT EXISTS "socialaccount_socialapp_sites_socialapp_id_97fb6e7d" ON "socialaccount_socialapp_sites" ("socialapp_id");
CREATE INDEX IF NOT EXISTS "socialaccount_socialapp_sites_site_id_2579dee5" ON "socialaccount_socialapp_sites" ("site_id");
CREATE INDEX IF NOT EXISTS "socialaccount_socialtoken_account_id_951f210e" ON "socialaccount_socialtoken" ("account_id");
CREATE INDEX IF NOT EXISTS "socialaccount_socialtoken_app_id_636a42d7" ON "socialaccount_socialtoken" ("app_id");
CREATE UNIQUE INDEX "socialaccount_socialaccount_provider_uid_fc810c6e_uniq" ON "socialaccount_socialaccount" ("provider", "uid");
CREATE INDEX IF NOT EXISTS "socialaccount_socialaccount_user_id_8146e70c" ON "socialaccount_socialaccount" ("user_id");
CREATE INDEX IF NOT EXISTS "webpush_pushinformation_group_id_262dcc9a" ON "webpush_pushinformation" ("group_id");
CREATE INDEX IF NOT EXISTS "webpush_pushinformation_subscription_id_7989aa34" ON "webpush_pushinformation" ("subscription_id");
CREATE INDEX IF NOT EXISTS "webpush_pushinformation_user_id_5e083b7f" ON "webpush_pushinformation" ("user_id");
CREATE INDEX IF NOT EXISTS "post_post_author_id_99d134d5" ON "post_post" ("author_id");
CREATE UNIQUE INDEX "post_post_likes_post_id_user_id_eb89d62d_uniq" ON "post_post_likes" ("post_id", "user_id");
CREATE INDEX IF NOT EXISTS "post_post_likes_post_id_9b7090a0" ON "post_post_likes" ("post_id");
CREATE INDEX IF NOT EXISTS "post_post_likes_user_id_42d3de6d" ON "post_post_likes" ("user_id");
CREATE INDEX IF NOT EXISTS "post_comment_author_id_d5c4c360" ON "post_comment" ("author_id");
CREATE INDEX IF NOT EXISTS "post_comment_post_id_ddc2d815" ON "post_comment" ("post_id");
CREATE TABLE IF NOT EXISTS "auth_group" ("id" integer NOT NULL PRIMARY KEY AUTOINCREMENT, "name" varchar(150) NOT NULL UNIQUE);
INSERT INTO "auth_group" VALUES(1,'Staff');
CREATE UNIQUE INDEX "auth_group_permissions_group_id_permission_id_0cd325b0_uniq" ON "auth_group_permissions" ("group_id", "permission_id");
CREATE INDEX IF NOT EXISTS "auth_group_permissions_group_id_b120cbf9" ON "auth_group_permissions" ("group_id");
CREATE INDEX IF NOT EXISTS "auth_group_permissions_permission_id_84c5c92e" ON "auth_group_permissions" ("permission_id");
CREATE UNIQUE INDEX "auth_user_groups_user_id_group_id_94350c0c_uniq" ON "auth_user_groups" ("user_id", "group_id");
CREATE INDEX IF NOT EXISTS "auth_user_groups_user_id_6a12ed8b" ON "auth_user_groups" ("user_id");
CREATE INDEX IF NOT EXISTS "auth_user_groups_group_id_97559544" ON "auth_user_groups" ("group_id");
CREATE UNIQUE INDEX "auth_user_user_permissions_user_id_permission_id_14a6b632_uniq" ON "auth_user_user_permissions" ("user_id", "permission_id");
CREATE INDEX IF NOT EXISTS "auth_user_user_permissions_user_id_a95ead1b" ON "auth_user_user_permissions" ("user_id");
CREATE INDEX IF NOT EXISTS "auth_user_user_permissions_permission_id_1fbb5f2c" ON "auth_user_user_permissions" ("permission_id");
CREATE INDEX IF NOT EXISTS "django_admin_log_content_type_id_c4bce8eb" ON "django_admin_log" ("content_type_id");
CREATE INDEX IF NOT EXISTS "django_admin_log_user_id_c564eba6" ON "django_admin_log" ("user_id");
CREATE UNIQUE INDEX "django_content_type_app_label_model_76bd3d3b_uniq" ON "django_content_type" ("app_label", "model");
CREATE UNIQUE INDEX "auth_permission_content_type_id_codename_01ab375a_uniq" ON "auth_permission" ("content_type_id", "codename");
CREATE INDEX IF NOT EXISTS "auth_permission_content_type_id_2f476e4b" ON "auth_permission" ("content_type_id");
CREATE INDEX IF NOT EXISTS "django_session_expire_date_a5c62663" ON "django_session" ("expire_date");
CREATE UNIQUE INDEX "users_profile_likes_profile_id_user_id_68ec7f39_uniq" ON "users_profile_likes" ("profile_id", "user_id");
CREATE INDEX IF NOT EXISTS "users_profile_likes_profile_id_8464ce72" ON "users_profile_likes" ("profile_id");
CREATE INDEX IF NOT EXISTS "users_profile_likes_user_id_558e1c78" ON "users_profile_likes" ("user_id");
CREATE INDEX IF NOT EXISTS "main_chat_author_id_45fd454e" ON "main_chat" ("author_id");
CREATE INDEX IF NOT EXISTS "main_chat_person_to_id_b665086c" ON "main_chat" ("person_to_id");
CREATE INDEX IF NOT EXISTS "account_emailconfirmation_email_address_id_5b7f8c58" ON "account_emailconfirmation" ("email_address_id");
CREATE INDEX IF NOT EXISTS "account_emailaddress_user_id_2c513194" ON "account_emailaddress" ("user_id");
CREATE UNIQUE INDEX "socialaccount_socialtoken_app_id_account_id_fca4e0ac_uniq" ON "socialaccount_socialtoken" ("app_id", "account_id");
CREATE UNIQUE INDEX "socialaccount_socialapp_sites_socialapp_id_site_id_71a9a768_uniq" ON "socialaccount_socialapp_sites" ("socialapp_id", "site_id");
CREATE INDEX IF NOT EXISTS "socialaccount_socialapp_sites_socialapp_id_97fb6e7d" ON "socialaccount_socialapp_sites" ("socialapp_id");
CREATE INDEX IF NOT EXISTS "socialaccount_socialapp_sites_site_id_2579dee5" ON "socialaccount_socialapp_sites" ("site_id");
CREATE INDEX IF NOT EXISTS "socialaccount_socialtoken_account_id_951f210e" ON "socialaccount_socialtoken" ("account_id");
CREATE INDEX IF NOT EXISTS "socialaccount_socialtoken_app_id_636a42d7" ON "socialaccount_socialtoken" ("app_id");
CREATE UNIQUE INDEX "socialaccount_socialaccount_provider_uid_fc810c6e_uniq" ON "socialaccount_socialaccount" ("provider", "uid");
CREATE INDEX IF NOT EXISTS "socialaccount_socialaccount_user_id_8146e70c" ON "socialaccount_socialaccount" ("user_id");
CREATE INDEX IF NOT EXISTS "webpush_pushinformation_group_id_262dcc9a" ON "webpush_pushinformation" ("group_id");
CREATE INDEX IF NOT EXISTS "webpush_pushinformation_subscription_id_7989aa34" ON "webpush_pushinformation" ("subscription_id");
CREATE INDEX IF NOT EXISTS "webpush_pushinformation_user_id_5e083b7f" ON "webpush_pushinformation" ("user_id");
CREATE INDEX IF NOT EXISTS "post_post_author_id_99d134d5" ON "post_post" ("author_id");
CREATE UNIQUE INDEX "post_post_likes_post_id_user_id_eb89d62d_uniq" ON "post_post_likes" ("post_id", "user_id");
CREATE INDEX IF NOT EXISTS "post_post_likes_post_id_9b7090a0" ON "post_post_likes" ("post_id");
CREATE INDEX IF NOT EXISTS "post_post_likes_user_id_42d3de6d" ON "post_post_likes" ("user_id");
CREATE INDEX IF NOT EXISTS "post_comment_author_id_d5c4c360" ON "post_comment" ("author_id");
CREATE INDEX IF NOT EXISTS "post_comment_post_id_ddc2d815" ON "post_comment" ("post_id");
CREATE TABLE IF NOT EXISTS "auth_group_permissions" ("id" integer NOT NULL PRIMARY KEY AUTOINCREMENT, "group_id" integer NOT NULL REFERENCES "auth_group" ("id") DEFERRABLE INITIALLY DEFERRED, "permission_id" integer NOT NULL REFERENCES "auth_permission" ("id") DEFERRABLE INITIALLY DEFERRED);
INSERT INTO "auth_group_permissions" VALUES(4,1,4);
INSERT INTO "auth_group_permissions" VALUES(6,1,8);
INSERT INTO "auth_group_permissions" VALUES(7,1,9);
INSERT INTO "auth_group_permissions" VALUES(10,1,12);
INSERT INTO "auth_group_permissions" VALUES(13,1,16);
INSERT INTO "auth_group_permissions" VALUES(20,1,28);
INSERT INTO "auth_group_permissions" VALUES(21,1,32);
INSERT INTO "auth_group_permissions" VALUES(23,1,36);
INSERT INTO "auth_group_permissions" VALUES(24,1,40);
INSERT INTO "auth_group_permissions" VALUES(25,1,44);
CREATE UNIQUE INDEX "auth_group_permissions_group_id_permission_id_0cd325b0_uniq" ON "auth_group_permissions" ("group_id", "permission_id");
CREATE INDEX IF NOT EXISTS "auth_group_permissions_group_id_b120cbf9" ON "auth_group_permissions" ("group_id");
CREATE INDEX IF NOT EXISTS "auth_group_permissions_permission_id_84c5c92e" ON "auth_group_permissions" ("permission_id");
CREATE UNIQUE INDEX "auth_user_groups_user_id_group_id_94350c0c_uniq" ON "auth_user_groups" ("user_id", "group_id");
CREATE INDEX IF NOT EXISTS "auth_user_groups_user_id_6a12ed8b" ON "auth_user_groups" ("user_id");
CREATE INDEX IF NOT EXISTS "auth_user_groups_group_id_97559544" ON "auth_user_groups" ("group_id");
CREATE UNIQUE INDEX "auth_user_user_permissions_user_id_permission_id_14a6b632_uniq" ON "auth_user_user_permissions" ("user_id", "permission_id");
CREATE INDEX IF NOT EXISTS "auth_user_user_permissions_user_id_a95ead1b" ON "auth_user_user_permissions" ("user_id");
CREATE INDEX IF NOT EXISTS "auth_user_user_permissions_permission_id_1fbb5f2c" ON "auth_user_user_permissions" ("permission_id");
CREATE INDEX IF NOT EXISTS "django_admin_log_content_type_id_c4bce8eb" ON "django_admin_log" ("content_type_id");
CREATE INDEX IF NOT EXISTS "django_admin_log_user_id_c564eba6" ON "django_admin_log" ("user_id");
CREATE UNIQUE INDEX "django_content_type_app_label_model_76bd3d3b_uniq" ON "django_content_type" ("app_label", "model");
CREATE UNIQUE INDEX "auth_permission_content_type_id_codename_01ab375a_uniq" ON "auth_permission" ("content_type_id", "codename");
CREATE INDEX IF NOT EXISTS "auth_permission_content_type_id_2f476e4b" ON "auth_permission" ("content_type_id");
CREATE INDEX IF NOT EXISTS "django_session_expire_date_a5c62663" ON "django_session" ("expire_date");
CREATE UNIQUE INDEX "users_profile_likes_profile_id_user_id_68ec7f39_uniq" ON "users_profile_likes" ("profile_id", "user_id");
CREATE INDEX IF NOT EXISTS "users_profile_likes_profile_id_8464ce72" ON "users_profile_likes" ("profile_id");
CREATE INDEX IF NOT EXISTS "users_profile_likes_user_id_558e1c78" ON "users_profile_likes" ("user_id");
CREATE INDEX IF NOT EXISTS "main_chat_author_id_45fd454e" ON "main_chat" ("author_id");
CREATE INDEX IF NOT EXISTS "main_chat_person_to_id_b665086c" ON "main_chat" ("person_to_id");
CREATE INDEX IF NOT EXISTS "account_emailconfirmation_email_address_id_5b7f8c58" ON "account_emailconfirmation" ("email_address_id");
CREATE INDEX IF NOT EXISTS "account_emailaddress_user_id_2c513194" ON "account_emailaddress" ("user_id");
CREATE UNIQUE INDEX "socialaccount_socialtoken_app_id_account_id_fca4e0ac_uniq" ON "socialaccount_socialtoken" ("app_id", "account_id");
CREATE UNIQUE INDEX "socialaccount_socialapp_sites_socialapp_id_site_id_71a9a768_uniq" ON "socialaccount_socialapp_sites" ("socialapp_id", "site_id");
CREATE INDEX IF NOT EXISTS "socialaccount_socialapp_sites_socialapp_id_97fb6e7d" ON "socialaccount_socialapp_sites" ("socialapp_id");
CREATE INDEX IF NOT EXISTS "socialaccount_socialapp_sites_site_id_2579dee5" ON "socialaccount_socialapp_sites" ("site_id");
CREATE INDEX IF NOT EXISTS "socialaccount_socialtoken_account_id_951f210e" ON "socialaccount_socialtoken" ("account_id");
CREATE INDEX IF NOT EXISTS "socialaccount_socialtoken_app_id_636a42d7" ON "socialaccount_socialtoken" ("app_id");
CREATE UNIQUE INDEX "socialaccount_socialaccount_provider_uid_fc810c6e_uniq" ON "socialaccount_socialaccount" ("provider", "uid");
CREATE INDEX IF NOT EXISTS "socialaccount_socialaccount_user_id_8146e70c" ON "socialaccount_socialaccount" ("user_id");
CREATE INDEX IF NOT EXISTS "webpush_pushinformation_group_id_262dcc9a" ON "webpush_pushinformation" ("group_id");
CREATE INDEX IF NOT EXISTS "webpush_pushinformation_subscription_id_7989aa34" ON "webpush_pushinformation" ("subscription_id");
CREATE INDEX IF NOT EXISTS "webpush_pushinformation_user_id_5e083b7f" ON "webpush_pushinformation" ("user_id");
CREATE INDEX IF NOT EXISTS "post_post_author_id_99d134d5" ON "post_post" ("author_id");
CREATE UNIQUE INDEX "post_post_likes_post_id_user_id_eb89d62d_uniq" ON "post_post_likes" ("post_id", "user_id");
CREATE INDEX IF NOT EXISTS "post_post_likes_post_id_9b7090a0" ON "post_post_likes" ("post_id");
CREATE INDEX IF NOT EXISTS "post_post_likes_user_id_42d3de6d" ON "post_post_likes" ("user_id");
CREATE INDEX IF NOT EXISTS "post_comment_author_id_d5c4c360" ON "post_comment" ("author_id");
CREATE INDEX IF NOT EXISTS "post_comment_post_id_ddc2d815" ON "post_comment" ("post_id");
CREATE TABLE IF NOT EXISTS "auth_permission" ("id" integer NOT NULL PRIMARY KEY AUTOINCREMENT, "content_type_id" integer NOT NULL REFERENCES "django_content_type" ("id") DEFERRABLE INITIALLY DEFERRED, "codename" varchar(100) NOT NULL, "name" varchar(255) NOT NULL);
INSERT INTO "auth_permission" VALUES(1,1,'add_profile','Can add profile');
INSERT INTO "auth_permission" VALUES(2,1,'change_profile','Can change profile');
INSERT INTO "auth_permission" VALUES(3,1,'delete_profile','Can delete profile');
INSERT INTO "auth_permission" VALUES(4,1,'view_profile','Can view profile');
INSERT INTO "auth_permission" VALUES(5,2,'add_category','Can add category');
INSERT INTO "auth_permission" VALUES(6,2,'change_category','Can change category');
INSERT INTO "auth_permission" VALUES(7,2,'delete_category','Can delete category');
INSERT INTO "auth_permission" VALUES(8,2,'view_category','Can view category');
INSERT INTO "auth_permission" VALUES(9,3,'add_post','Can add post');
INSERT INTO "auth_permission" VALUES(10,3,'change_post','Can change post');
INSERT INTO "auth_permission" VALUES(11,3,'delete_post','Can delete post');
INSERT INTO "auth_permission" VALUES(12,3,'view_post','Can view post');
INSERT INTO "auth_permission" VALUES(13,4,'add_comment','Can add comment');
INSERT INTO "auth_permission" VALUES(14,4,'change_comment','Can change comment');
INSERT INTO "auth_permission" VALUES(15,4,'delete_comment','Can delete comment');
INSERT INTO "auth_permission" VALUES(16,4,'view_comment','Can view comment');
INSERT INTO "auth_permission" VALUES(17,5,'add_chat','Can add chat');
INSERT INTO "auth_permission" VALUES(18,5,'change_chat','Can change chat');
INSERT INTO "auth_permission" VALUES(19,5,'delete_chat','Can delete chat');
INSERT INTO "auth_permission" VALUES(20,5,'view_chat','Can view chat');
INSERT INTO "auth_permission" VALUES(21,6,'add_logentry','Can add log entry');
INSERT INTO "auth_permission" VALUES(22,6,'change_logentry','Can change log entry');
INSERT INTO "auth_permission" VALUES(23,6,'delete_logentry','Can delete log entry');
INSERT INTO "auth_permission" VALUES(24,6,'view_logentry','Can view log entry');
INSERT INTO "auth_permission" VALUES(25,7,'add_permission','Can add permission');
INSERT INTO "auth_permission" VALUES(26,7,'change_permission','Can change permission');
INSERT INTO "auth_permission" VALUES(27,7,'delete_permission','Can delete permission');
INSERT INTO "auth_permission" VALUES(28,7,'view_permission','Can view permission');
INSERT INTO "auth_permission" VALUES(29,8,'add_group','Can add group');
INSERT INTO "auth_permission" VALUES(30,8,'change_group','Can change group');
INSERT INTO "auth_permission" VALUES(31,8,'delete_group','Can delete group');
INSERT INTO "auth_permission" VALUES(32,8,'view_group','Can view group');
INSERT INTO "auth_permission" VALUES(33,9,'add_user','Can add user');
INSERT INTO "auth_permission" VALUES(34,9,'change_user','Can change user');
INSERT INTO "auth_permission" VALUES(35,9,'delete_user','Can delete user');
INSERT INTO "auth_permission" VALUES(36,9,'view_user','Can view user');
INSERT INTO "auth_permission" VALUES(37,10,'add_contenttype','Can add content type');
INSERT INTO "auth_permission" VALUES(38,10,'change_contenttype','Can change content type');
INSERT INTO "auth_permission" VALUES(39,10,'delete_contenttype','Can delete content type');
INSERT INTO "auth_permission" VALUES(40,10,'view_contenttype','Can view content type');
INSERT INTO "auth_permission" VALUES(41,11,'add_session','Can add session');
INSERT INTO "auth_permission" VALUES(42,11,'change_session','Can change session');
INSERT INTO "auth_permission" VALUES(43,11,'delete_session','Can delete session');
INSERT INTO "auth_permission" VALUES(44,11,'view_session','Can view session');
INSERT INTO "auth_permission" VALUES(45,12,'add_site','Can add site');
INSERT INTO "auth_permission" VALUES(46,12,'change_site','Can change site');
INSERT INTO "auth_permission" VALUES(47,12,'delete_site','Can delete site');
INSERT INTO "auth_permission" VALUES(48,12,'view_site','Can view site');
INSERT INTO "auth_permission" VALUES(49,13,'add_emailaddress','Can add email address');
INSERT INTO "auth_permission" VALUES(50,13,'change_emailaddress','Can change email address');
INSERT INTO "auth_permission" VALUES(51,13,'delete_emailaddress','Can delete email address');
INSERT INTO "auth_permission" VALUES(52,13,'view_emailaddress','Can view email address');
INSERT INTO "auth_permission" VALUES(53,14,'add_emailconfirmation','Can add email confirmation');
INSERT INTO "auth_permission" VALUES(54,14,'change_emailconfirmation','Can change email confirmation');
INSERT INTO "auth_permission" VALUES(55,14,'delete_emailconfirmation','Can delete email confirmation');
INSERT INTO "auth_permission" VALUES(56,14,'view_emailconfirmation','Can view email confirmation');
INSERT INTO "auth_permission" VALUES(57,15,'add_socialaccount','Can add social account');
INSERT INTO "auth_permission" VALUES(58,15,'change_socialaccount','Can change social account');
INSERT INTO "auth_permission" VALUES(59,15,'delete_socialaccount','Can delete social account');
INSERT INTO "auth_permission" VALUES(60,15,'view_socialaccount','Can view social account');
INSERT INTO "auth_permission" VALUES(61,16,'add_socialapp','Can add social application');
INSERT INTO "auth_permission" VALUES(62,16,'change_socialapp','Can change social application');
INSERT INTO "auth_permission" VALUES(63,16,'delete_socialapp','Can delete social application');
INSERT INTO "auth_permission" VALUES(64,16,'view_socialapp','Can view social application');
INSERT INTO "auth_permission" VALUES(65,17,'add_socialtoken','Can add social application token');
INSERT INTO "auth_permission" VALUES(66,17,'change_socialtoken','Can change social application token');
INSERT INTO "auth_permission" VALUES(67,17,'delete_socialtoken','Can delete social application token');
INSERT INTO "auth_permission" VALUES(68,17,'view_socialtoken','Can view social application token');
INSERT INTO "auth_permission" VALUES(69,18,'add_group','Can add group');
INSERT INTO "auth_permission" VALUES(70,18,'change_group','Can change group');
INSERT INTO "auth_permission" VALUES(71,18,'delete_group','Can delete group');
INSERT INTO "auth_permission" VALUES(72,18,'view_group','Can view group');
INSERT INTO "auth_permission" VALUES(73,19,'add_pushinformation','Can add push information');
INSERT INTO "auth_permission" VALUES(74,19,'change_pushinformation','Can change push information');
INSERT INTO "auth_permission" VALUES(75,19,'delete_pushinformation','Can delete push information');
INSERT INTO "auth_permission" VALUES(76,19,'view_pushinformation','Can view push information');
INSERT INTO "auth_permission" VALUES(77,20,'add_subscriptioninfo','Can add subscription info');
INSERT INTO "auth_permission" VALUES(78,20,'change_subscriptioninfo','Can change subscription info');
INSERT INTO "auth_permission" VALUES(79,20,'delete_subscriptioninfo','Can delete subscription info');
INSERT INTO "auth_permission" VALUES(80,20,'view_subscriptioninfo','Can view subscription info');
INSERT INTO "auth_permission" VALUES(81,21,'add_comment','Can add comment');
INSERT INTO "auth_permission" VALUES(82,21,'change_comment','Can change comment');
INSERT INTO "auth_permission" VALUES(83,21,'delete_comment','Can delete comment');
INSERT INTO "auth_permission" VALUES(84,21,'view_comment','Can view comment');
INSERT INTO "auth_permission" VALUES(85,22,'add_post','Can add post');
INSERT INTO "auth_permission" VALUES(86,22,'change_post','Can change post');
INSERT INTO "auth_permission" VALUES(87,22,'delete_post','Can delete post');
INSERT INTO "auth_permission" VALUES(88,22,'view_post','Can view post');
CREATE UNIQUE INDEX "auth_group_permissions_group_id_permission_id_0cd325b0_uniq" ON "auth_group_permissions" ("group_id", "permission_id");
CREATE INDEX IF NOT EXISTS "auth_group_permissions_group_id_b120cbf9" ON "auth_group_permissions" ("group_id");
CREATE INDEX IF NOT EXISTS "auth_group_permissions_permission_id_84c5c92e" ON "auth_group_permissions" ("permission_id");
CREATE UNIQUE INDEX "auth_user_groups_user_id_group_id_94350c0c_uniq" ON "auth_user_groups" ("user_id", "group_id");
CREATE INDEX IF NOT EXISTS "auth_user_groups_user_id_6a12ed8b" ON "auth_user_groups" ("user_id");
CREATE INDEX IF NOT EXISTS "auth_user_groups_group_id_97559544" ON "auth_user_groups" ("group_id");
CREATE UNIQUE INDEX "auth_user_user_permissions_user_id_permission_id_14a6b632_uniq" ON "auth_user_user_permissions" ("user_id", "permission_id");
CREATE INDEX IF NOT EXISTS "auth_user_user_permissions_user_id_a95ead1b" ON "auth_user_user_permissions" ("user_id");
CREATE INDEX IF NOT EXISTS "auth_user_user_permissions_permission_id_1fbb5f2c" ON "auth_user_user_permissions" ("permission_id");
CREATE INDEX IF NOT EXISTS "django_admin_log_content_type_id_c4bce8eb" ON "django_admin_log" ("content_type_id");
CREATE INDEX IF NOT EXISTS "django_admin_log_user_id_c564eba6" ON "django_admin_log" ("user_id");
CREATE UNIQUE INDEX "django_content_type_app_label_model_76bd3d3b_uniq" ON "django_content_type" ("app_label", "model");
CREATE UNIQUE INDEX "auth_permission_content_type_id_codename_01ab375a_uniq" ON "auth_permission" ("content_type_id", "codename");
CREATE INDEX IF NOT EXISTS "auth_permission_content_type_id_2f476e4b" ON "auth_permission" ("content_type_id");
CREATE INDEX IF NOT EXISTS "django_session_expire_date_a5c62663" ON "django_session" ("expire_date");
CREATE UNIQUE INDEX "users_profile_likes_profile_id_user_id_68ec7f39_uniq" ON "users_profile_likes" ("profile_id", "user_id");
CREATE INDEX IF NOT EXISTS "users_profile_likes_profile_id_8464ce72" ON "users_profile_likes" ("profile_id");
CREATE INDEX IF NOT EXISTS "users_profile_likes_user_id_558e1c78" ON "users_profile_likes" ("user_id");
CREATE INDEX IF NOT EXISTS "main_chat_author_id_45fd454e" ON "main_chat" ("author_id");
CREATE INDEX IF NOT EXISTS "main_chat_person_to_id_b665086c" ON "main_chat" ("person_to_id");
CREATE INDEX IF NOT EXISTS "account_emailconfirmation_email_address_id_5b7f8c58" ON "account_emailconfirmation" ("email_address_id");
CREATE INDEX IF NOT EXISTS "account_emailaddress_user_id_2c513194" ON "account_emailaddress" ("user_id");
CREATE UNIQUE INDEX "socialaccount_socialtoken_app_id_account_id_fca4e0ac_uniq" ON "socialaccount_socialtoken" ("app_id", "account_id");
CREATE UNIQUE INDEX "socialaccount_socialapp_sites_socialapp_id_site_id_71a9a768_uniq" ON "socialaccount_socialapp_sites" ("socialapp_id", "site_id");
CREATE INDEX IF NOT EXISTS "socialaccount_socialapp_sites_socialapp_id_97fb6e7d" ON "socialaccount_socialapp_sites" ("socialapp_id");
CREATE INDEX IF NOT EXISTS "socialaccount_socialapp_sites_site_id_2579dee5" ON "socialaccount_socialapp_sites" ("site_id");
CREATE INDEX IF NOT EXISTS "socialaccount_socialtoken_account_id_951f210e" ON "socialaccount_socialtoken" ("account_id");
CREATE INDEX IF NOT EXISTS "socialaccount_socialtoken_app_id_636a42d7" ON "socialaccount_socialtoken" ("app_id");
CREATE UNIQUE INDEX "socialaccount_socialaccount_provider_uid_fc810c6e_uniq" ON "socialaccount_socialaccount" ("provider", "uid");
CREATE INDEX IF NOT EXISTS "socialaccount_socialaccount_user_id_8146e70c" ON "socialaccount_socialaccount" ("user_id");
CREATE INDEX IF NOT EXISTS "webpush_pushinformation_group_id_262dcc9a" ON "webpush_pushinformation" ("group_id");
CREATE INDEX IF NOT EXISTS "webpush_pushinformation_subscription_id_7989aa34" ON "webpush_pushinformation" ("subscription_id");
CREATE INDEX IF NOT EXISTS "webpush_pushinformation_user_id_5e083b7f" ON "webpush_pushinformation" ("user_id");
CREATE INDEX IF NOT EXISTS "post_post_author_id_99d134d5" ON "post_post" ("author_id");
CREATE UNIQUE INDEX "post_post_likes_post_id_user_id_eb89d62d_uniq" ON "post_post_likes" ("post_id", "user_id");
CREATE INDEX IF NOT EXISTS "post_post_likes_post_id_9b7090a0" ON "post_post_likes" ("post_id");
CREATE INDEX IF NOT EXISTS "post_post_likes_user_id_42d3de6d" ON "post_post_likes" ("user_id");
CREATE INDEX IF NOT EXISTS "post_comment_author_id_d5c4c360" ON "post_comment" ("author_id");
CREATE INDEX IF NOT EXISTS "post_comment_post_id_ddc2d815" ON "post_comment" ("post_id");
CREATE TABLE IF NOT EXISTS "auth_user" ("id" integer NOT NULL PRIMARY KEY AUTOINCREMENT, "password" varchar(128) NOT NULL, "last_login" datetime NULL, "is_superuser" bool NOT NULL, "username" varchar(150) NOT NULL UNIQUE, "last_name" varchar(150) NOT NULL, "email" varchar(254) NOT NULL, "is_staff" bool NOT NULL, "is_active" bool NOT NULL, "date_joined" datetime NOT NULL, "first_name" varchar(150) NOT NULL);
INSERT INTO "auth_user" VALUES(1,'pbkdf2_sha256$390000$tDZLmobAHTfvJmK6qRla2E$x4fM8MYhyKpDGSUyMLblQwX4uDf2SKoMNyDs/WHiiD0=','2022-10-31 07:17:21.390724',1,'Admin','Yoder','jdoder@outlook.com',1,1,'2022-07-21 14:26:02.346930','Judah');
INSERT INTO "auth_user" VALUES(3,'pbkdf2_sha256$390000$rAH1DI456QuaxRVreexPKP$Cop1I4yp7CmLP2PQz4wzNizbqqylKWZIIXmooB3zgUs=','2022-09-07 11:36:22',0,'Flasker','Yoder','11irishjs@gmail.com',1,1,'2022-07-21 19:03:25','Patrick');
INSERT INTO "auth_user" VALUES(4,'pbkdf2_sha256$390000$9BmR9TdgJ64twXXf6qxNQn$B3oVmMOu7QCkW+dRzMBki8QV9UQCi5c0shyajaDU4ew=','2022-10-15 15:08:11.034953',0,'Joseph','Yoder','11irishjs@gmail.com',0,1,'2022-07-26 15:11:42','Joseph');
INSERT INTO "auth_user" VALUES(8,'pbkdf2_sha256$390000$Re9uNhhWZFvwCXY08JXqyp$kROjP60wJhfFxp5XyO3BiTJ32C94GCODM+1KnkgzqaM=','2022-09-27 17:00:31.959596',1,'JDODER','Yoder','jdoder@jdswebsites.xyz',1,1,'2022-08-02 11:18:12','Judah');
INSERT INTO "auth_user" VALUES(10,'pbkdf2_sha256$260000$zgY8MabjwffDLuDkaMUlpx$KS95nHr52ahCXE1Zu2otea6u1gzVCndxc3zyLx6vY+A=','2022-08-02 17:03:04',1,'Administrator','istrator','jdoder@outlook.com',0,0,'2022-08-02 17:02:58','Admin');
INSERT INTO "auth_user" VALUES(13,'pbkdf2_sha256$390000$8PbRBJKThzuZW9oGPZOSgY$f9eK6DZ4ilrbeL53+1nSh0Q+3luSOL6ObCWQXs8y2L4=','2022-08-16 15:53:08.014417',0,'surpriseduser','Yoder','1irishjs@gmail.com',0,1,'2022-08-16 15:52:43.731540','Josiah');
INSERT INTO "auth_user" VALUES(14,'pbkdf2_sha256$390000$sHSL4Btl9yXbn4UIWTNx3t$mdSTkaVK2aF1S2LpnxmHEPq+3Eze92r6uf2DOQYcyoQ=','2022-08-16 16:01:38.037214',0,'Josiah','Yoder','1irishjs@gmail.com',0,1,'2022-08-16 16:00:41.347541','Josiah');
INSERT INTO "auth_user" VALUES(15,'pbkdf2_sha256$390000$OY11WCmlAbTfAQCvAtZrU2$7LHotpmNAmz9YQDsv1D+B+UoO5eiyu+KRsCnyik7Zp0=','2022-08-18 20:23:51.431643',0,'Jocelyn','','11irishjs@gmail.com',0,1,'2022-08-18 20:23:01.804287','');
CREATE UNIQUE INDEX "auth_group_permissions_group_id_permission_id_0cd325b0_uniq" ON "auth_group_permissions" ("group_id", "permission_id");
CREATE INDEX IF NOT EXISTS "auth_group_permissions_group_id_b120cbf9" ON "auth_group_permissions" ("group_id");
CREATE INDEX IF NOT EXISTS "auth_group_permissions_permission_id_84c5c92e" ON "auth_group_permissions" ("permission_id");
CREATE UNIQUE INDEX "auth_user_groups_user_id_group_id_94350c0c_uniq" ON "auth_user_groups" ("user_id", "group_id");
CREATE INDEX IF NOT EXISTS "auth_user_groups_user_id_6a12ed8b" ON "auth_user_groups" ("user_id");
CREATE INDEX IF NOT EXISTS "auth_user_groups_group_id_97559544" ON "auth_user_groups" ("group_id");
CREATE UNIQUE INDEX "auth_user_user_permissions_user_id_permission_id_14a6b632_uniq" ON "auth_user_user_permissions" ("user_id", "permission_id");
CREATE INDEX IF NOT EXISTS "auth_user_user_permissions_user_id_a95ead1b" ON "auth_user_user_permissions" ("user_id");
CREATE INDEX IF NOT EXISTS "auth_user_user_permissions_permission_id_1fbb5f2c" ON "auth_user_user_permissions" ("permission_id");
CREATE INDEX IF NOT EXISTS "django_admin_log_content_type_id_c4bce8eb" ON "django_admin_log" ("content_type_id");
CREATE INDEX IF NOT EXISTS "django_admin_log_user_id_c564eba6" ON "django_admin_log" ("user_id");
CREATE UNIQUE INDEX "django_content_type_app_label_model_76bd3d3b_uniq" ON "django_content_type" ("app_label", "model");
CREATE UNIQUE INDEX "auth_permission_content_type_id_codename_01ab375a_uniq" ON "auth_permission" ("content_type_id", "codename");
CREATE INDEX IF NOT EXISTS "auth_permission_content_type_id_2f476e4b" ON "auth_permission" ("content_type_id");
CREATE INDEX IF NOT EXISTS "django_session_expire_date_a5c62663" ON "django_session" ("expire_date");
CREATE UNIQUE INDEX "users_profile_likes_profile_id_user_id_68ec7f39_uniq" ON "users_profile_likes" ("profile_id", "user_id");
CREATE INDEX IF NOT EXISTS "users_profile_likes_profile_id_8464ce72" ON "users_profile_likes" ("profile_id");
CREATE INDEX IF NOT EXISTS "users_profile_likes_user_id_558e1c78" ON "users_profile_likes" ("user_id");
CREATE INDEX IF NOT EXISTS "main_chat_author_id_45fd454e" ON "main_chat" ("author_id");
CREATE INDEX IF NOT EXISTS "main_chat_person_to_id_b665086c" ON "main_chat" ("person_to_id");
CREATE INDEX IF NOT EXISTS "account_emailconfirmation_email_address_id_5b7f8c58" ON "account_emailconfirmation" ("email_address_id");
CREATE INDEX IF NOT EXISTS "account_emailaddress_user_id_2c513194" ON "account_emailaddress" ("user_id");
CREATE UNIQUE INDEX "socialaccount_socialtoken_app_id_account_id_fca4e0ac_uniq" ON "socialaccount_socialtoken" ("app_id", "account_id");
CREATE UNIQUE INDEX "socialaccount_socialapp_sites_socialapp_id_site_id_71a9a768_uniq" ON "socialaccount_socialapp_sites" ("socialapp_id", "site_id");
CREATE INDEX IF NOT EXISTS "socialaccount_socialapp_sites_socialapp_id_97fb6e7d" ON "socialaccount_socialapp_sites" ("socialapp_id");
CREATE INDEX IF NOT EXISTS "socialaccount_socialapp_sites_site_id_2579dee5" ON "socialaccount_socialapp_sites" ("site_id");
CREATE INDEX IF NOT EXISTS "socialaccount_socialtoken_account_id_951f210e" ON "socialaccount_socialtoken" ("account_id");
CREATE INDEX IF NOT EXISTS "socialaccount_socialtoken_app_id_636a42d7" ON "socialaccount_socialtoken" ("app_id");
CREATE UNIQUE INDEX "socialaccount_socialaccount_provider_uid_fc810c6e_uniq" ON "socialaccount_socialaccount" ("provider", "uid");
CREATE INDEX IF NOT EXISTS "socialaccount_socialaccount_user_id_8146e70c" ON "socialaccount_socialaccount" ("user_id");
CREATE INDEX IF NOT EXISTS "webpush_pushinformation_group_id_262dcc9a" ON "webpush_pushinformation" ("group_id");
CREATE INDEX IF NOT EXISTS "webpush_pushinformation_subscription_id_7989aa34" ON "webpush_pushinformation" ("subscription_id");
CREATE INDEX IF NOT EXISTS "webpush_pushinformation_user_id_5e083b7f" ON "webpush_pushinformation" ("user_id");
CREATE INDEX IF NOT EXISTS "post_post_author_id_99d134d5" ON "post_post" ("author_id");
CREATE UNIQUE INDEX "post_post_likes_post_id_user_id_eb89d62d_uniq" ON "post_post_likes" ("post_id", "user_id");
CREATE INDEX IF NOT EXISTS "post_post_likes_post_id_9b7090a0" ON "post_post_likes" ("post_id");
CREATE INDEX IF NOT EXISTS "post_post_likes_user_id_42d3de6d" ON "post_post_likes" ("user_id");
CREATE INDEX IF NOT EXISTS "post_comment_author_id_d5c4c360" ON "post_comment" ("author_id");
CREATE INDEX IF NOT EXISTS "post_comment_post_id_ddc2d815" ON "post_comment" ("post_id");
CREATE TABLE IF NOT EXISTS "auth_user_groups" ("id" integer NOT NULL PRIMARY KEY AUTOINCREMENT, "user_id" integer NOT NULL REFERENCES "auth_user" ("id") DEFERRABLE INITIALLY DEFERRED, "group_id" integer NOT NULL REFERENCES "auth_group" ("id") DEFERRABLE INITIALLY DEFERRED);
INSERT INTO "auth_user_groups" VALUES(3,3,1);
INSERT INTO "auth_user_groups" VALUES(4,8,1);
CREATE UNIQUE INDEX "auth_group_permissions_group_id_permission_id_0cd325b0_uniq" ON "auth_group_permissions" ("group_id", "permission_id");
CREATE INDEX IF NOT EXISTS "auth_group_permissions_group_id_b120cbf9" ON "auth_group_permissions" ("group_id");
CREATE INDEX IF NOT EXISTS "auth_group_permissions_permission_id_84c5c92e" ON "auth_group_permissions" ("permission_id");
CREATE UNIQUE INDEX "auth_user_groups_user_id_group_id_94350c0c_uniq" ON "auth_user_groups" ("user_id", "group_id");
CREATE INDEX IF NOT EXISTS "auth_user_groups_user_id_6a12ed8b" ON "auth_user_groups" ("user_id");
CREATE INDEX IF NOT EXISTS "auth_user_groups_group_id_97559544" ON "auth_user_groups" ("group_id");
CREATE UNIQUE INDEX "auth_user_user_permissions_user_id_permission_id_14a6b632_uniq" ON "auth_user_user_permissions" ("user_id", "permission_id");
CREATE INDEX IF NOT EXISTS "auth_user_user_permissions_user_id_a95ead1b" ON "auth_user_user_permissions" ("user_id");
CREATE INDEX IF NOT EXISTS "auth_user_user_permissions_permission_id_1fbb5f2c" ON "auth_user_user_permissions" ("permission_id");
CREATE INDEX IF NOT EXISTS "django_admin_log_content_type_id_c4bce8eb" ON "django_admin_log" ("content_type_id");
CREATE INDEX IF NOT EXISTS "django_admin_log_user_id_c564eba6" ON "django_admin_log" ("user_id");
CREATE UNIQUE INDEX "django_content_type_app_label_model_76bd3d3b_uniq" ON "django_content_type" ("app_label", "model");
CREATE UNIQUE INDEX "auth_permission_content_type_id_codename_01ab375a_uniq" ON "auth_permission" ("content_type_id", "codename");
CREATE INDEX IF NOT EXISTS "auth_permission_content_type_id_2f476e4b" ON "auth_permission" ("content_type_id");
CREATE INDEX IF NOT EXISTS "django_session_expire_date_a5c62663" ON "django_session" ("expire_date");
CREATE UNIQUE INDEX "users_profile_likes_profile_id_user_id_68ec7f39_uniq" ON "users_profile_likes" ("profile_id", "user_id");
CREATE INDEX IF NOT EXISTS "users_profile_likes_profile_id_8464ce72" ON "users_profile_likes" ("profile_id");
CREATE INDEX IF NOT EXISTS "users_profile_likes_user_id_558e1c78" ON "users_profile_likes" ("user_id");
CREATE INDEX IF NOT EXISTS "main_chat_author_id_45fd454e" ON "main_chat" ("author_id");
CREATE INDEX IF NOT EXISTS "main_chat_person_to_id_b665086c" ON "main_chat" ("person_to_id");
CREATE INDEX IF NOT EXISTS "account_emailconfirmation_email_address_id_5b7f8c58" ON "account_emailconfirmation" ("email_address_id");
CREATE INDEX IF NOT EXISTS "account_emailaddress_user_id_2c513194" ON "account_emailaddress" ("user_id");
CREATE UNIQUE INDEX "socialaccount_socialtoken_app_id_account_id_fca4e0ac_uniq" ON "socialaccount_socialtoken" ("app_id", "account_id");
CREATE UNIQUE INDEX "socialaccount_socialapp_sites_socialapp_id_site_id_71a9a768_uniq" ON "socialaccount_socialapp_sites" ("socialapp_id", "site_id");
CREATE INDEX IF NOT EXISTS "socialaccount_socialapp_sites_socialapp_id_97fb6e7d" ON "socialaccount_socialapp_sites" ("socialapp_id");
CREATE INDEX IF NOT EXISTS "socialaccount_socialapp_sites_site_id_2579dee5" ON "socialaccount_socialapp_sites" ("site_id");
CREATE INDEX IF NOT EXISTS "socialaccount_socialtoken_account_id_951f210e" ON "socialaccount_socialtoken" ("account_id");
CREATE INDEX IF NOT EXISTS "socialaccount_socialtoken_app_id_636a42d7" ON "socialaccount_socialtoken" ("app_id");
CREATE UNIQUE INDEX "socialaccount_socialaccount_provider_uid_fc810c6e_uniq" ON "socialaccount_socialaccount" ("provider", "uid");
CREATE INDEX IF NOT EXISTS "socialaccount_socialaccount_user_id_8146e70c" ON "socialaccount_socialaccount" ("user_id");
CREATE INDEX IF NOT EXISTS "webpush_pushinformation_group_id_262dcc9a" ON "webpush_pushinformation" ("group_id");
CREATE INDEX IF NOT EXISTS "webpush_pushinformation_subscription_id_7989aa34" ON "webpush_pushinformation" ("subscription_id");
CREATE INDEX IF NOT EXISTS "webpush_pushinformation_user_id_5e083b7f" ON "webpush_pushinformation" ("user_id");
CREATE INDEX IF NOT EXISTS "post_post_author_id_99d134d5" ON "post_post" ("author_id");
CREATE UNIQUE INDEX "post_post_likes_post_id_user_id_eb89d62d_uniq" ON "post_post_likes" ("post_id", "user_id");
CREATE INDEX IF NOT EXISTS "post_post_likes_post_id_9b7090a0" ON "post_post_likes" ("post_id");
CREATE INDEX IF NOT EXISTS "post_post_likes_user_id_42d3de6d" ON "post_post_likes" ("user_id");
CREATE INDEX IF NOT EXISTS "post_comment_author_id_d5c4c360" ON "post_comment" ("author_id");
CREATE INDEX IF NOT EXISTS "post_comment_post_id_ddc2d815" ON "post_comment" ("post_id");
CREATE TABLE IF NOT EXISTS "auth_user_user_permissions" ("id" integer NOT NULL PRIMARY KEY AUTOINCREMENT, "user_id" integer NOT NULL REFERENCES "auth_user" ("id") DEFERRABLE INITIALLY DEFERRED, "permission_id" integer NOT NULL REFERENCES "auth_permission" ("id") DEFERRABLE INITIALLY DEFERRED);
CREATE UNIQUE INDEX "auth_group_permissions_group_id_permission_id_0cd325b0_uniq" ON "auth_group_permissions" ("group_id", "permission_id");
CREATE INDEX IF NOT EXISTS "auth_group_permissions_group_id_b120cbf9" ON "auth_group_permissions" ("group_id");
CREATE INDEX IF NOT EXISTS "auth_group_permissions_permission_id_84c5c92e" ON "auth_group_permissions" ("permission_id");
CREATE UNIQUE INDEX "auth_user_groups_user_id_group_id_94350c0c_uniq" ON "auth_user_groups" ("user_id", "group_id");
CREATE INDEX IF NOT EXISTS "auth_user_groups_user_id_6a12ed8b" ON "auth_user_groups" ("user_id");
CREATE INDEX IF NOT EXISTS "auth_user_groups_group_id_97559544" ON "auth_user_groups" ("group_id");
CREATE UNIQUE INDEX "auth_user_user_permissions_user_id_permission_id_14a6b632_uniq" ON "auth_user_user_permissions" ("user_id", "permission_id");
CREATE INDEX IF NOT EXISTS "auth_user_user_permissions_user_id_a95ead1b" ON "auth_user_user_permissions" ("user_id");
CREATE INDEX IF NOT EXISTS "auth_user_user_permissions_permission_id_1fbb5f2c" ON "auth_user_user_permissions" ("permission_id");
CREATE INDEX IF NOT EXISTS "django_admin_log_content_type_id_c4bce8eb" ON "django_admin_log" ("content_type_id");
CREATE INDEX IF NOT EXISTS "django_admin_log_user_id_c564eba6" ON "django_admin_log" ("user_id");
CREATE UNIQUE INDEX "django_content_type_app_label_model_76bd3d3b_uniq" ON "django_content_type" ("app_label", "model");
CREATE UNIQUE INDEX "auth_permission_content_type_id_codename_01ab375a_uniq" ON "auth_permission" ("content_type_id", "codename");
CREATE INDEX IF NOT EXISTS "auth_permission_content_type_id_2f476e4b" ON "auth_permission" ("content_type_id");
CREATE INDEX IF NOT EXISTS "django_session_expire_date_a5c62663" ON "django_session" ("expire_date");
CREATE UNIQUE INDEX "users_profile_likes_profile_id_user_id_68ec7f39_uniq" ON "users_profile_likes" ("profile_id", "user_id");
CREATE INDEX IF NOT EXISTS "users_profile_likes_profile_id_8464ce72" ON "users_profile_likes" ("profile_id");
CREATE INDEX IF NOT EXISTS "users_profile_likes_user_id_558e1c78" ON "users_profile_likes" ("user_id");
CREATE INDEX IF NOT EXISTS "main_chat_author_id_45fd454e" ON "main_chat" ("author_id");
CREATE INDEX IF NOT EXISTS "main_chat_person_to_id_b665086c" ON "main_chat" ("person_to_id");
CREATE INDEX IF NOT EXISTS "account_emailconfirmation_email_address_id_5b7f8c58" ON "account_emailconfirmation" ("email_address_id");
CREATE INDEX IF NOT EXISTS "account_emailaddress_user_id_2c513194" ON "account_emailaddress" ("user_id");
CREATE UNIQUE INDEX "socialaccount_socialtoken_app_id_account_id_fca4e0ac_uniq" ON "socialaccount_socialtoken" ("app_id", "account_id");
CREATE UNIQUE INDEX "socialaccount_socialapp_sites_socialapp_id_site_id_71a9a768_uniq" ON "socialaccount_socialapp_sites" ("socialapp_id", "site_id");
CREATE INDEX IF NOT EXISTS "socialaccount_socialapp_sites_socialapp_id_97fb6e7d" ON "socialaccount_socialapp_sites" ("socialapp_id");
CREATE INDEX IF NOT EXISTS "socialaccount_socialapp_sites_site_id_2579dee5" ON "socialaccount_socialapp_sites" ("site_id");
CREATE INDEX IF NOT EXISTS "socialaccount_socialtoken_account_id_951f210e" ON "socialaccount_socialtoken" ("account_id");
CREATE INDEX IF NOT EXISTS "socialaccount_socialtoken_app_id_636a42d7" ON "socialaccount_socialtoken" ("app_id");
CREATE UNIQUE INDEX "socialaccount_socialaccount_provider_uid_fc810c6e_uniq" ON "socialaccount_socialaccount" ("provider", "uid");
CREATE INDEX IF NOT EXISTS "socialaccount_socialaccount_user_id_8146e70c" ON "socialaccount_socialaccount" ("user_id");
CREATE INDEX IF NOT EXISTS "webpush_pushinformation_group_id_262dcc9a" ON "webpush_pushinformation" ("group_id");
CREATE INDEX IF NOT EXISTS "webpush_pushinformation_subscription_id_7989aa34" ON "webpush_pushinformation" ("subscription_id");
CREATE INDEX IF NOT EXISTS "webpush_pushinformation_user_id_5e083b7f" ON "webpush_pushinformation" ("user_id");
CREATE INDEX IF NOT EXISTS "post_post_author_id_99d134d5" ON "post_post" ("author_id");
CREATE UNIQUE INDEX "post_post_likes_post_id_user_id_eb89d62d_uniq" ON "post_post_likes" ("post_id", "user_id");
CREATE INDEX IF NOT EXISTS "post_post_likes_post_id_9b7090a0" ON "post_post_likes" ("post_id");
CREATE INDEX IF NOT EXISTS "post_post_likes_user_id_42d3de6d" ON "post_post_likes" ("user_id");
CREATE INDEX IF NOT EXISTS "post_comment_author_id_d5c4c360" ON "post_comment" ("author_id");
CREATE INDEX IF NOT EXISTS "post_comment_post_id_ddc2d815" ON "post_comment" ("post_id");
CREATE TABLE IF NOT EXISTS "django_admin_log" ("id" integer NOT NULL PRIMARY KEY AUTOINCREMENT, "action_time" datetime NOT NULL, "object_id" text NULL, "object_repr" varchar(200) NOT NULL, "change_message" text NOT NULL, "content_type_id" integer NULL REFERENCES "django_content_type" ("id") DEFERRABLE INITIALLY DEFERRED, "user_id" integer NOT NULL REFERENCES "auth_user" ("id") DEFERRABLE INITIALLY DEFERRED, "action_flag" smallint unsigned NOT NULL CHECK ("action_flag" >= 0));
INSERT INTO "django_admin_log" VALUES(1,'2022-07-21 14:26:30.597834','1','uncategorized','[{"added": {}}]',2,1,1);
INSERT INTO "django_admin_log" VALUES(2,'2022-07-21 14:26:33.733693','2','Coding','[{"added": {}}]',2,1,1);
INSERT INTO "django_admin_log" VALUES(3,'2022-07-21 14:26:36.853487','3','Conversation','[{"added": {}}]',2,1,1);
INSERT INTO "django_admin_log" VALUES(4,'2022-07-21 14:26:40.135633','4','Yoder-Blog','[{"added": {}}]',2,1,1);
INSERT INTO "django_admin_log" VALUES(5,'2022-07-21 14:26:44.892436','5','Flask-Project','[{"added": {}}]',2,1,1);
INSERT INTO "django_admin_log" VALUES(6,'2022-07-21 14:26:49.444000','6','Complaints','[{"added": {}}]',2,1,1);
INSERT INTO "django_admin_log" VALUES(7,'2022-07-21 14:26:58.034473','7','Feature-Requests','[{"added": {}}]',2,1,1);
INSERT INTO "django_admin_log" VALUES(8,'2022-07-27 11:05:24.776740','3','The death of this site! | Admìn','',3,1,3);
INSERT INTO "django_admin_log" VALUES(9,'2022-07-27 11:05:38.879370','5','Admìn','',9,1,3);
INSERT INTO "django_admin_log" VALUES(10,'2022-07-27 11:14:44.338606','1','Staff','[{"added": {}}]',8,1,1);
INSERT INTO "django_admin_log" VALUES(11,'2022-07-27 11:15:04.806625','2','JDODER123','[{"changed": {"fields": ["Groups"]}}]',9,1,2);
INSERT INTO "django_admin_log" VALUES(12,'2022-07-27 11:15:15.845033','4','Joseph','[{"changed": {"fields": ["Groups"]}}]',9,1,2);
INSERT INTO "django_admin_log" VALUES(13,'2022-07-27 11:15:28.512715','3','Patrick','[{"changed": {"fields": ["Groups"]}}]',9,1,2);
INSERT INTO "django_admin_log" VALUES(14,'2022-07-27 11:17:03.720123','1','Staff','[{"changed": {"fields": ["Permissions"]}}]',8,1,2);
INSERT INTO "django_admin_log" VALUES(15,'2022-07-27 11:17:42.471387','2','JDODER123','[{"changed": {"fields": ["Staff status"]}}]',9,1,2);
INSERT INTO "django_admin_log" VALUES(16,'2022-07-27 11:17:51.654231','4','Joseph','[{"changed": {"fields": ["Staff status"]}}]',9,1,2);
INSERT INTO "django_admin_log" VALUES(17,'2022-07-27 11:18:02.040747','3','Patrick','[{"changed": {"fields": ["Staff status"]}}]',9,1,2);
INSERT INTO "django_admin_log" VALUES(18,'2022-07-27 11:19:47.313345','1','Staff','[{"changed": {"fields": ["Permissions"]}}]',8,1,2);
INSERT INTO "django_admin_log" VALUES(19,'2022-07-27 14:24:08.244709','34','Admin - sAasdaaasddsafdsdfsafdafd','',5,1,3);
INSERT INTO "django_admin_log" VALUES(20,'2022-07-27 14:24:08.264725','33','Admin - sAasdaaasddsafdsdfsafdafd','',5,1,3);
INSERT INTO "django_admin_log" VALUES(21,'2022-07-27 14:24:08.303563','32','Admin - sAasdaaasddsafdsdfsafdafd','',5,1,3);
INSERT INTO "django_admin_log" VALUES(22,'2022-07-27 14:24:08.323721','31','Admin - sAasdaaasddsafdsdfsafdafd','',5,1,3);
INSERT INTO "django_admin_log" VALUES(23,'2022-07-27 14:24:08.338608','30','Admin - sAasdaaasddsafdsdfsafdafd','',5,1,3);
INSERT INTO "django_admin_log" VALUES(24,'2022-07-27 14:24:08.359910','29','Admin - sAasdaaasddsafdsdfsafdafd','',5,1,3);
INSERT INTO "django_admin_log" VALUES(25,'2022-07-27 14:24:08.379977','28','Admin - sAasdaaasddsafdsdfsafdafd','',5,1,3);
INSERT INTO "django_admin_log" VALUES(26,'2022-07-27 14:24:08.392316','27','Admin - sAasdaaasddsafdsdfsafdafd','',5,1,3);
INSERT INTO "django_admin_log" VALUES(27,'2022-07-27 14:24:08.405845','26','Admin - sAasdaaasddsafdsdfsafdafd','',5,1,3);
INSERT INTO "django_admin_log" VALUES(28,'2022-07-27 14:24:08.415725','25','Admin - sAasdaaasddsafdsdfsafdafd','',5,1,3);
INSERT INTO "django_admin_log" VALUES(29,'2022-07-27 14:24:08.421756','24','Admin - sAasdaaasddsafdsdfsafdafd','',5,1,3);
INSERT INTO "django_admin_log" VALUES(30,'2022-07-27 14:24:08.427661','23','Admin - sAasdaaasddsafdsdfsafdafd','',5,1,3);
INSERT INTO "django_admin_log" VALUES(31,'2022-07-27 14:24:08.462528','22','Admin - sAasdaaasddsafdsdfsafdafd','',5,1,3);
INSERT INTO "django_admin_log" VALUES(32,'2022-07-27 14:24:08.485784','21','Admin - sAasdaaasddsafdsdfsafdafd','',5,1,3);
INSERT INTO "django_admin_log" VALUES(33,'2022-07-27 14:24:08.496680','20','Admin - sAasdaaasddsafdsdfsafdafd','',5,1,3);
INSERT INTO "django_admin_log" VALUES(34,'2022-07-27 14:24:08.518359','19','Admin - sAasdaaasddsaf','',5,1,3);
INSERT INTO "django_admin_log" VALUES(35,'2022-07-27 14:24:08.536651','18','Admin - sAasdaaasddsaf','',5,1,3);
INSERT INTO "django_admin_log" VALUES(36,'2022-07-27 14:24:08.558814','17','Admin - sAasdaaasddsaf','',5,1,3);
INSERT INTO "django_admin_log" VALUES(37,'2022-07-27 14:24:08.587800','16','Admin - sAasdaaasddsaf','',5,1,3);
INSERT INTO "django_admin_log" VALUES(38,'2022-07-27 14:24:08.616804','15','Admin - sAasdaaasddsaf','',5,1,3);
INSERT INTO "django_admin_log" VALUES(39,'2022-07-27 14:24:08.630322','14','Admin - sAasdaaasddsaf','',5,1,3);
INSERT INTO "django_admin_log" VALUES(40,'2022-07-27 14:24:08.663167','13','Admin - sAasdaaasddsaf','',5,1,3);
INSERT INTO "django_admin_log" VALUES(41,'2022-07-27 14:24:08.698265','12','Admin - sAasdaaasddsaf','',5,1,3);
INSERT INTO "django_admin_log" VALUES(42,'2022-07-27 14:24:08.719461','11','Admin - sAasdaaasddsaf','',5,1,3);
INSERT INTO "django_admin_log" VALUES(43,'2022-07-27 14:24:08.759868','10','Admin - sAasdaaasddsaf','',5,1,3);
INSERT INTO "django_admin_log" VALUES(44,'2022-07-27 14:24:08.789717','9','Admin - afdsfdsa','',5,1,3);
INSERT INTO "django_admin_log" VALUES(45,'2022-07-27 14:24:08.816128','8','Admin - afdsfdsa','',5,1,3);
INSERT INTO "django_admin_log" VALUES(46,'2022-07-27 14:24:08.832397','7','Admin - afdsfdsa','',5,1,3);
INSERT INTO "django_admin_log" VALUES(47,'2022-07-27 14:24:08.870197','1','Admin - This is a Privat Message To Admin','',5,1,3);
INSERT INTO "django_admin_log" VALUES(48,'2022-07-28 09:02:16.919301','3','JDODER123 - Great how about you','[{"changed": {"fields": ["Date posted"]}}]',5,1,2);
INSERT INTO "django_admin_log" VALUES(49,'2022-07-28 09:16:12.070526','29','My Latest Updated Post | Joseph','',3,1,3);
INSERT INTO "django_admin_log" VALUES(50,'2022-07-28 09:16:12.085662','28','Top 3 YouTube Channels For Learning Programming | JDODER123','',3,1,3);
INSERT INTO "django_admin_log" VALUES(51,'2022-07-28 09:16:12.096989','27','Top 10 Python Tips and Tricks | Patrick','',3,1,3);
INSERT INTO "django_admin_log" VALUES(52,'2022-07-28 09:16:12.108026','26','Best Videos For Learning Python | JDODER123','',3,1,3);
INSERT INTO "django_admin_log" VALUES(53,'2022-07-28 09:16:12.118567','25','The Rise of Data Science | JDODER123','',3,1,3);
INSERT INTO "django_admin_log" VALUES(54,'2022-07-28 09:16:12.128563','24','3 Tips for Writing Catchy Headlines | Patrick','',3,1,3);
INSERT INTO "django_admin_log" VALUES(55,'2022-07-28 09:16:12.137051','23','Music To Listen To While Coding | Patrick','',3,1,3);
INSERT INTO "django_admin_log" VALUES(56,'2022-07-28 09:16:12.145546','22','Just A Few More Healines Should Do It | JDODER123','',3,1,3);
INSERT INTO "django_admin_log" VALUES(57,'2022-07-28 09:16:12.152276','21','Python and Physics | Patrick','',3,1,3);
INSERT INTO "django_admin_log" VALUES(58,'2022-07-28 09:16:12.184908','20','How I Record My Videos | Admin','',3,1,3);
INSERT INTO "django_admin_log" VALUES(59,'2022-07-28 09:16:12.196557','19','How To Create A YouTube Channel | JDODER123','',3,1,3);
INSERT INTO "django_admin_log" VALUES(60,'2022-07-28 09:16:12.210377','18','Best Programmers Throughout History | JDODER123','',3,1,3);
INSERT INTO "django_admin_log" VALUES(61,'2022-07-28 09:16:12.220055','17','Tips for Public Speaking | JDODER123','',3,1,3);
INSERT INTO "django_admin_log" VALUES(62,'2022-07-28 09:16:12.227898','16','The Best Programming Podcasts | Admin','',3,1,3);
INSERT INTO "django_admin_log" VALUES(63,'2022-07-28 09:16:12.235667','15','How Dogs in the Workplace Boosts Productivity | Patrick','',3,1,3);
INSERT INTO "django_admin_log" VALUES(64,'2022-07-28 09:16:12.243205','14','List of PyCon 2018 Talks | Patrick','',3,1,3);
INSERT INTO "django_admin_log" VALUES(65,'2022-07-28 09:16:12.250692','13','These Beers Will Improve Your Programming | Joseph','',3,1,3);
INSERT INTO "django_admin_log" VALUES(66,'2022-07-28 09:16:12.258308','12','You Won''t Believe These Clickbait Titles! | Patrick','',3,1,3);
INSERT INTO "django_admin_log" VALUES(67,'2022-07-28 09:16:12.266102','11','Flask vs Django - Which Is Better? | JDODER123','',3,1,3);
INSERT INTO "django_admin_log" VALUES(68,'2022-07-28 09:16:12.275784','10','Best Python IDEs | Patrick','',3,1,3);
INSERT INTO "django_admin_log" VALUES(69,'2022-07-28 09:16:12.283732','9','Sublime Text Tips and Tricks | Joseph','',3,1,3);
INSERT INTO "django_admin_log" VALUES(70,'2022-07-28 09:16:12.293496','8','Top 3 Programming Lanaguages | Patrick','',3,1,3);
INSERT INTO "django_admin_log" VALUES(71,'2022-07-28 09:16:12.305276','7','A Second Post | Joseph','',3,1,3);
INSERT INTO "django_admin_log" VALUES(72,'2022-07-28 09:16:12.318368','6','My Updated Post | Joseph','',3,1,3);
INSERT INTO "django_admin_log" VALUES(73,'2022-07-28 09:19:33.707972','8','Completed-requests','[{"added": {}}]',2,1,1);
INSERT INTO "django_admin_log" VALUES(74,'2022-07-28 16:51:32.252685','55','Admin - afsdfdsa','',5,1,3);
INSERT INTO "django_admin_log" VALUES(75,'2022-07-28 16:51:32.264081','54','Admin - afsdfdsa','',5,1,3);
INSERT INTO "django_admin_log" VALUES(76,'2022-07-28 16:51:32.270634','53','Admin - afsdfdsa','',5,1,3);
INSERT INTO "django_admin_log" VALUES(77,'2022-07-28 16:51:32.278701','52','Admin - Hello Patrick!!','',5,1,3);
INSERT INTO "django_admin_log" VALUES(78,'2022-07-28 16:51:32.285309','51','Admin - Hello Patrick!!','',5,1,3);
INSERT INTO "django_admin_log" VALUES(79,'2022-07-28 16:51:32.295131','50','Admin - Hello Patrick!!','',5,1,3);
INSERT INTO "django_admin_log" VALUES(80,'2022-07-28 16:51:32.308930','49','Admin - Hello Patrick!!','',5,1,3);
INSERT INTO "django_admin_log" VALUES(81,'2022-07-28 16:51:32.318758','48','Admin - Hello Patrick!!','',5,1,3);
INSERT INTO "django_admin_log" VALUES(82,'2022-07-28 16:51:32.322025','47','Admin - saafdfdsfdsafdsfdsa','',5,1,3);
INSERT INTO "django_admin_log" VALUES(83,'2022-07-28 16:51:32.325545','46','Admin - saafdfdsfdsafdsfdsa','',5,1,3);
INSERT INTO "django_admin_log" VALUES(84,'2022-07-28 16:51:32.328941','45','Admin - saafdfdsfdsafdsfdsa','',5,1,3);
INSERT INTO "django_admin_log" VALUES(85,'2022-07-28 16:51:32.364402','44','Admin - saafdfdsfdsafdsfdsa','',5,1,3);
INSERT INTO "django_admin_log" VALUES(86,'2022-07-28 16:51:32.377657','43','Admin - saafdfdsfdsafdsfdsa','',5,1,3);
INSERT INTO "django_admin_log" VALUES(87,'2022-07-28 16:51:32.385283','42','Admin - saafdfdsfdsafdsfdsa','',5,1,3);
INSERT INTO "django_admin_log" VALUES(88,'2022-07-28 16:51:32.401381','41','Admin - saafdfdsfdsafdsfdsa','',5,1,3);
INSERT INTO "django_admin_log" VALUES(89,'2022-07-28 16:51:32.405644','40','Admin - saafdfdsfdsafdsfdsa','',5,1,3);
INSERT INTO "django_admin_log" VALUES(90,'2022-07-28 16:51:32.409585','39','Admin - saafdfdsfdsafdsfdsa','',5,1,3);
INSERT INTO "django_admin_log" VALUES(91,'2022-07-28 16:51:32.413255','38','Admin - saafdfdsfdsafdsfdsa','',5,1,3);
INSERT INTO "django_admin_log" VALUES(92,'2022-07-28 16:51:32.417744','37','Admin - saafdfdsfdsafdsfdsa','',5,1,3);
INSERT INTO "django_admin_log" VALUES(93,'2022-07-28 16:51:32.421546','36','Admin - rwq','',5,1,3);
INSERT INTO "django_admin_log" VALUES(94,'2022-07-28 16:51:32.426059','35','JDODER123 - rwq','',5,1,3);
INSERT INTO "django_admin_log" VALUES(95,'2022-07-28 16:51:32.430332','5','Admin - hello


asfddfsa','',5,1,3);
INSERT INTO "django_admin_log" VALUES(96,'2022-07-29 12:01:13.680117','9','Arduino','[{"added": {}}]',2,1,1);
INSERT INTO "django_admin_log" VALUES(97,'2022-07-29 12:03:47.319429','4','Joseph','[{"changed": {"fields": ["Staff status", "Groups"]}}]',9,1,2);
INSERT INTO "django_admin_log" VALUES(98,'2022-08-01 11:39:55.273905','4','WHY??? | Patrick','[{"changed": {"fields": ["Content"]}}]',3,1,2);
INSERT INTO "django_admin_log" VALUES(99,'2022-08-01 11:41:07.935316','4','WHY??? | Patrick','[{"changed": {"fields": ["Content"]}}]',3,1,2);
INSERT INTO "django_admin_log" VALUES(100,'2022-08-01 12:01:58.429773','89','Admin - Hello Patrick!!','',5,1,3);
INSERT INTO "django_admin_log" VALUES(101,'2022-08-01 12:01:58.487443','88','Admin - afsdfdsa','',5,1,3);
INSERT INTO "django_admin_log" VALUES(102,'2022-08-01 12:01:58.505674','87','Admin - afsdfdsaeee','',5,1,3);
INSERT INTO "django_admin_log" VALUES(103,'2022-08-01 12:01:58.522278','86','Admin - Hello Patrick!!','',5,1,3);
INSERT INTO "django_admin_log" VALUES(104,'2022-08-01 12:01:58.534215','85','Admin - Hello Patrick!!','',5,1,3);
INSERT INTO "django_admin_log" VALUES(105,'2022-08-01 12:01:58.550627','84','Admin - dfghdgd','',5,1,3);
INSERT INTO "django_admin_log" VALUES(106,'2022-08-01 12:01:58.585524','83','Admin - dfghdgd','',5,1,3);
INSERT INTO "django_admin_log" VALUES(107,'2022-08-01 12:01:58.594638','82','Admin - fsdasf','',5,1,3);
INSERT INTO "django_admin_log" VALUES(108,'2022-08-01 12:01:58.605036','81','Admin - hi how are you??','',5,1,3);
INSERT INTO "django_admin_log" VALUES(109,'2022-08-01 12:01:58.619442','80','Admin - afsdfdsaeee','',5,1,3);
INSERT INTO "django_admin_log" VALUES(110,'2022-08-01 12:01:58.626840','79','Admin - afsdfdsa','',5,1,3);
INSERT INTO "django_admin_log" VALUES(111,'2022-08-01 12:01:58.681874','78','Admin - hdf','',5,1,3);
INSERT INTO "django_admin_log" VALUES(112,'2022-08-01 12:01:58.691704','77','Admin - hdf','',5,1,3);
INSERT INTO "django_admin_log" VALUES(113,'2022-08-01 12:01:58.698565','76','Admin - afsdfdsa','',5,1,3);
INSERT INTO "django_admin_log" VALUES(114,'2022-08-01 12:01:58.706666','75','Admin - hdf','',5,1,3);
INSERT INTO "django_admin_log" VALUES(115,'2022-08-01 12:01:58.717612','74','Admin - hdf','',5,1,3);
INSERT INTO "django_admin_log" VALUES(116,'2022-08-01 12:01:58.727891','73','Admin - afsdfdsaeee','',5,1,3);
INSERT INTO "django_admin_log" VALUES(117,'2022-08-01 12:01:58.739950','72','Admin - afsdfdsaeee','',5,1,3);
INSERT INTO "django_admin_log" VALUES(118,'2022-08-01 12:01:58.748491','71','Admin - hdf','',5,1,3);
INSERT INTO "django_admin_log" VALUES(119,'2022-08-01 12:01:58.761080','70','Admin - afsdfdsa','',5,1,3);
INSERT INTO "django_admin_log" VALUES(120,'2022-08-01 12:01:58.774296','69','Admin - afsdfdsa','',5,1,3);
INSERT INTO "django_admin_log" VALUES(121,'2022-08-01 12:01:58.787068','68','Admin - hdf','',5,1,3);
INSERT INTO "django_admin_log" VALUES(122,'2022-08-01 12:01:58.803230','67','Admin - hdf','',5,1,3);
INSERT INTO "django_admin_log" VALUES(123,'2022-08-01 12:01:58.818856','66','Admin - Hello Patrick!!','',5,1,3);
INSERT INTO "django_admin_log" VALUES(124,'2022-08-01 12:01:58.828976','65','Admin - Hello Patrick!!','',5,1,3);
INSERT INTO "django_admin_log" VALUES(125,'2022-08-01 12:01:58.836852','64','Admin - Hello Patrick!!','',5,1,3);
INSERT INTO "django_admin_log" VALUES(126,'2022-08-01 12:01:58.846642','63','Admin - Hello Patrick!!','',5,1,3);
INSERT INTO "django_admin_log" VALUES(127,'2022-08-01 12:01:58.857908','62','Admin - ','',5,1,3);
INSERT INTO "django_admin_log" VALUES(128,'2022-08-01 12:01:58.865954','61','Admin - ','',5,1,3);
INSERT INTO "django_admin_log" VALUES(129,'2022-08-01 12:01:58.875433','60','Admin - ','',5,1,3);
INSERT INTO "django_admin_log" VALUES(130,'2022-08-01 12:01:58.884650','59','Admin - ','',5,1,3);
INSERT INTO "django_admin_log" VALUES(131,'2022-08-01 12:01:58.893977','58','Admin - ','',5,1,3);
INSERT INTO "django_admin_log" VALUES(132,'2022-08-01 12:01:58.902081','57','Admin - ','',5,1,3);
INSERT INTO "django_admin_log" VALUES(133,'2022-08-01 12:01:58.913210','56','Admin - hdf','',5,1,3);
INSERT INTO "django_admin_log" VALUES(134,'2022-08-01 12:02:38.301540','1','Staff','[{"changed": {"fields": ["Permissions"]}}]',8,1,2);
INSERT INTO "django_admin_log" VALUES(135,'2022-08-01 13:31:09.959552','6','Admìn','',9,1,3);
INSERT INTO "django_admin_log" VALUES(136,'2022-08-01 15:09:41.428901','10','Chess','[{"added": {}}]',2,1,1);
INSERT INTO "django_admin_log" VALUES(137,'2022-08-01 15:19:52.870792','11','Test Category','',2,1,3);
INSERT INTO "django_admin_log" VALUES(138,'2022-08-01 15:19:52.898717','5','Flask-Project','',2,1,3);
INSERT INTO "django_admin_log" VALUES(139,'2022-08-01 15:19:52.919428','4','Yoder-Blog','',2,1,3);
INSERT INTO "django_admin_log" VALUES(140,'2022-08-02 11:19:47.537284','38','Card reader | Joseph','[{"changed": {"fields": ["Content", "Likes"]}}]',3,1,2);
INSERT INTO "django_admin_log" VALUES(141,'2022-08-02 11:21:57.283153','38','Card reader | Joseph','[{"changed": {"fields": ["Content"]}}]',3,1,2);
INSERT INTO "django_admin_log" VALUES(142,'2022-08-02 11:25:21.987353','38','Card reader | Joseph','[{"changed": {"fields": ["Content"]}}]',3,1,2);
INSERT INTO "django_admin_log" VALUES(143,'2022-08-04 17:17:11.478883','1','Admin Profile','[{"changed": {"fields": ["Likes"]}}]',1,1,2);
INSERT INTO "django_admin_log" VALUES(144,'2022-08-08 07:15:11.585642','10','Administrator','[{"changed": {"fields": ["Active"]}}]',9,1,2);
INSERT INTO "django_admin_log" VALUES(145,'2022-08-08 09:01:08.021878','3','Patrick Profile','[{"changed": {"fields": ["Bio", "Likes"]}}]',1,1,2);
INSERT INTO "django_admin_log" VALUES(146,'2022-08-08 11:49:17.894972','47','The Home page is formatted!!! | Admin','[{"changed": {"fields": ["Category", "Likes"]}}]',3,1,2);
INSERT INTO "django_admin_log" VALUES(147,'2022-08-08 11:49:54.406203','47','The Home page is formatted!!! | Admin','[{"changed": {"fields": ["Category"]}}]',3,1,2);
INSERT INTO "django_admin_log" VALUES(148,'2022-08-08 15:17:43.880020','41','Others info | Joseph','',3,1,3);
INSERT INTO "django_admin_log" VALUES(149,'2022-08-08 15:18:02.783408','2','Messaging | Joseph','',3,1,3);
INSERT INTO "django_admin_log" VALUES(150,'2022-08-09 09:51:31.088953','8','JDODER','[{"changed": {"fields": ["Staff status", "Superuser status", "Groups"]}}]',9,1,2);
INSERT INTO "django_admin_log" VALUES(151,'2022-08-09 09:53:43.382385','5','Admin Capabilities - Joseph','',4,1,3);
INSERT INTO "django_admin_log" VALUES(152,'2022-08-09 10:01:12.706754','3','Patrick','[{"changed": {"fields": ["First name", "Last name"]}}]',9,1,2);
INSERT INTO "django_admin_log" VALUES(153,'2022-08-09 10:01:22.849309','3','Patrick Profile','[]',1,1,2);
INSERT INTO "django_admin_log" VALUES(154,'2022-08-09 10:01:52.025415','10','Administrator','[{"changed": {"fields": ["First name", "Last name", "Superuser status"]}}]',9,1,2);
INSERT INTO "django_admin_log" VALUES(155,'2022-08-09 10:01:52.764105','10','Administrator','[]',9,1,2);
INSERT INTO "django_admin_log" VALUES(156,'2022-08-09 10:02:09.833549','8','JDODER','[{"changed": {"fields": ["First name", "Last name"]}}]',9,1,2);
INSERT INTO "django_admin_log" VALUES(157,'2022-08-09 10:02:23.983409','4','Joseph','[{"changed": {"fields": ["First name", "Last name"]}}]',9,1,2);
INSERT INTO "django_admin_log" VALUES(158,'2022-08-09 11:55:40.796606','1','jdswebsites.xyz','[{"changed": {"fields": ["Domain name", "Display name"]}}]',12,1,2);
INSERT INTO "django_admin_log" VALUES(159,'2022-08-09 11:56:07.803445','1','Google','[{"added": {}}]',16,1,1);
INSERT INTO "django_admin_log" VALUES(160,'2022-08-10 05:51:49.154202','36','Chess 3.9 | Joseph','[{"changed": {"fields": ["Category", "Likes"]}}]',3,1,2);
INSERT INTO "django_admin_log" VALUES(161,'2022-08-10 05:52:03.845577','31','Varient Chess Games | Joseph','[{"changed": {"fields": ["Likes"]}}]',3,1,2);
INSERT INTO "django_admin_log" VALUES(162,'2022-08-14 12:13:04.497313','11','Jo','[{"changed": {"fields": ["Superuser status"]}}]',9,1,2);
INSERT INTO "django_admin_log" VALUES(163,'2022-08-14 12:13:53.166116','11','Jo','[{"changed": {"fields": ["Staff status"]}}]',9,1,2);
INSERT INTO "django_admin_log" VALUES(167,'2022-08-22 08:37:34.858132','52','Great Picture! From Irish Yoders -By Mom | Admin','[{"changed": {"fields": ["Author"]}}]',3,1,2);
INSERT INTO "django_admin_log" VALUES(168,'2022-08-22 08:37:46.042399','12','Jdodddd','',9,1,3);
INSERT INTO "django_admin_log" VALUES(169,'2022-08-22 08:37:46.046660','11','Jo','',9,1,3);
INSERT INTO "django_admin_log" VALUES(170,'2022-08-27 06:36:08.274453','34','Edit/delete buttons | Joseph','[{"changed": {"fields": ["Category", "Likes"]}}]',3,1,2);
INSERT INTO "django_admin_log" VALUES(171,'2022-08-27 06:41:35.138580','4','Joseph Profile','[{"changed": {"fields": ["Theme"]}}]',1,1,2);
INSERT INTO "django_admin_log" VALUES(172,'2022-08-27 06:41:41.024270','3','Patrick Profile','[]',1,1,2);
INSERT INTO "django_admin_log" VALUES(173,'2022-08-27 06:41:56.237907','11','surpriseduser Profile','[{"changed": {"fields": ["Likes", "Theme"]}}]',1,1,2);
INSERT INTO "django_admin_log" VALUES(174,'2022-08-27 06:42:05.010576','12','Josiah Profile','[{"changed": {"fields": ["Likes", "Theme"]}}]',1,1,2);
INSERT INTO "django_admin_log" VALUES(175,'2022-08-27 06:42:12.179810','13','Jocelyn Profile','[{"changed": {"fields": ["Likes", "Theme"]}}]',1,1,2);
INSERT INTO "django_admin_log" VALUES(176,'2022-09-07 09:43:16.355216','45','Joseph''s Chess game!! - Joseph','',4,1,3);
INSERT INTO "django_admin_log" VALUES(177,'2022-09-07 09:43:16.365560','44','Chess 4.5!!!!!! - Joseph','',4,1,3);
INSERT INTO "django_admin_log" VALUES(178,'2022-09-07 09:43:16.369299','43','Edit/delete buttons - Joseph','',4,1,3);
INSERT INTO "django_admin_log" VALUES(179,'2022-09-07 09:43:16.372967','42','Great Picture! From Irish Yoders -By Mom - Joseph','',4,1,3);
INSERT INTO "django_admin_log" VALUES(180,'2022-09-07 09:43:16.401707','41','comments - ','',4,1,3);
INSERT INTO "django_admin_log" VALUES(181,'2022-09-07 09:43:16.406226','40','comments - ','',4,1,3);
INSERT INTO "django_admin_log" VALUES(182,'2022-09-07 09:43:16.410848','38','New Feature!! - ','',4,1,3);
INSERT INTO "django_admin_log" VALUES(183,'2022-09-07 09:43:16.415685','37','Edit/delete buttons - ','',4,1,3);
INSERT INTO "django_admin_log" VALUES(184,'2022-09-07 09:43:16.420658','36','Edit/delete buttons - ','',4,1,3);
INSERT INTO "django_admin_log" VALUES(185,'2022-09-07 09:43:16.424755','33','New Feature!! - Joseph','',4,1,3);
INSERT INTO "django_admin_log" VALUES(186,'2022-09-07 09:43:16.429650','28','WHY??? - Josiah','',4,1,3);
INSERT INTO "django_admin_log" VALUES(187,'2022-09-07 09:43:16.433783','27','Great Picture! From Irish Yoders -By Mom - Jo','',4,1,3);
INSERT INTO "django_admin_log" VALUES(188,'2022-09-07 09:43:16.438532','26','comments - Jo','',4,1,3);
INSERT INTO "django_admin_log" VALUES(189,'2022-09-07 09:43:16.442459','25','Bible Camp - Jo','',4,1,3);
INSERT INTO "django_admin_log" VALUES(190,'2022-09-07 09:43:16.446265','24','Bible Camp - Jo','',4,1,3);
INSERT INTO "django_admin_log" VALUES(191,'2022-09-07 09:43:16.450294','21','Joseph''s Chess game!! - Joseph','',4,1,3);
INSERT INTO "django_admin_log" VALUES(192,'2022-09-07 09:43:16.454342','20','Great Picture! From Irish Yoders -By Mom - Joseph','',4,1,3);
INSERT INTO "django_admin_log" VALUES(193,'2022-09-07 09:43:16.458469','18','Bible Camp - Admin','',4,1,3);
INSERT INTO "django_admin_log" VALUES(194,'2022-09-07 09:43:16.463608','17','Question - Jo','',4,1,3);
INSERT INTO "django_admin_log" VALUES(195,'2022-09-07 09:43:16.470521','16','Question - Joseph','',4,1,3);
INSERT INTO "django_admin_log" VALUES(196,'2022-09-07 09:43:16.474852','15','Unuseful links - Admin','',4,1,3);
INSERT INTO "django_admin_log" VALUES(197,'2022-09-07 09:43:16.489814','6','Varient Chess Games - Admin','',4,1,3);
INSERT INTO "django_admin_log" VALUES(198,'2022-09-09 11:43:10.722330','103','Patrick - I think you are weird!!!!!','[{"added": {}}]',5,1,1);
INSERT INTO "django_admin_log" VALUES(199,'2022-09-09 11:46:59.805933','4','JODER','[{"changed": {"fields": ["Username"]}}]',9,1,2);
INSERT INTO "django_admin_log" VALUES(200,'2022-09-09 11:47:39.968416','4','Arduinoist','[{"changed": {"fields": ["Username"]}}]',9,1,2);
INSERT INTO "django_admin_log" VALUES(201,'2022-09-09 11:48:00.036936','3','Flasker','[{"changed": {"fields": ["Username"]}}]',9,1,2);
INSERT INTO "django_admin_log" VALUES(202,'2022-09-14 09:42:17.593361','53','comments | Arduinoist','[{"changed": {"fields": ["Category", "Likes"]}}]',3,1,2);
INSERT INTO "django_admin_log" VALUES(203,'2022-09-14 15:15:03.687243','105','Arduinoist - You should delete The Other Yoder Blog!','[{"added": {}}]',5,1,1);
INSERT INTO "django_admin_log" VALUES(204,'2022-09-14 15:15:24.626143','4','WHY??? | Flasker','',3,1,3);
INSERT INTO "django_admin_log" VALUES(205,'2022-09-28 09:14:27.258494','107','Joseph - Admin - Why did you change our usernames? That is abusing your power as admin..','[{"changed": {"fields": ["Content"]}}]',5,1,2);
INSERT INTO "django_admin_log" VALUES(206,'2022-09-28 09:14:47.433834','107','Joseph - Admin - Why did you change our usernames? That is abusing your power as admin..','[{"changed": {"fields": ["Date posted"]}}]',5,1,2);
INSERT INTO "django_admin_log" VALUES(207,'2022-11-04 16:18:51.247661','13','Jocelyn Profile','[{"changed": {"fields": ["Notifications"]}}]',1,1,2);
INSERT INTO "django_admin_log" VALUES(208,'2022-11-04 16:18:59.491782','12','Josiah Profile','[{"changed": {"fields": ["Notifications"]}}]',1,1,2);
INSERT INTO "django_admin_log" VALUES(209,'2022-11-04 16:19:12.104087','11','surpriseduser Profile','[{"changed": {"fields": ["Notifications"]}}]',1,1,2);
INSERT INTO "django_admin_log" VALUES(210,'2022-11-04 16:19:21.494889','4','Joseph Profile','[{"changed": {"fields": ["Notifications"]}}]',1,1,2);
INSERT INTO "django_admin_log" VALUES(211,'2022-11-04 16:19:40.074289','8','Administrator Profile','[{"changed": {"fields": ["Likes", "Notifications"]}}]',1,1,2);
CREATE UNIQUE INDEX "auth_group_permissions_group_id_permission_id_0cd325b0_uniq" ON "auth_group_permissions" ("group_id", "permission_id");
CREATE INDEX IF NOT EXISTS "auth_group_permissions_group_id_b120cbf9" ON "auth_group_permissions" ("group_id");
CREATE INDEX IF NOT EXISTS "auth_group_permissions_permission_id_84c5c92e" ON "auth_group_permissions" ("permission_id");
CREATE UNIQUE INDEX "auth_user_groups_user_id_group_id_94350c0c_uniq" ON "auth_user_groups" ("user_id", "group_id");
CREATE INDEX IF NOT EXISTS "auth_user_groups_user_id_6a12ed8b" ON "auth_user_groups" ("user_id");
CREATE INDEX IF NOT EXISTS "auth_user_groups_group_id_97559544" ON "auth_user_groups" ("group_id");
CREATE UNIQUE INDEX "auth_user_user_permissions_user_id_permission_id_14a6b632_uniq" ON "auth_user_user_permissions" ("user_id", "permission_id");
CREATE INDEX IF NOT EXISTS "auth_user_user_permissions_user_id_a95ead1b" ON "auth_user_user_permissions" ("user_id");
CREATE INDEX IF NOT EXISTS "auth_user_user_permissions_permission_id_1fbb5f2c" ON "auth_user_user_permissions" ("permission_id");
CREATE INDEX IF NOT EXISTS "django_admin_log_content_type_id_c4bce8eb" ON "django_admin_log" ("content_type_id");
CREATE INDEX IF NOT EXISTS "django_admin_log_user_id_c564eba6" ON "django_admin_log" ("user_id");
CREATE UNIQUE INDEX "django_content_type_app_label_model_76bd3d3b_uniq" ON "django_content_type" ("app_label", "model");
CREATE UNIQUE INDEX "auth_permission_content_type_id_codename_01ab375a_uniq" ON "auth_permission" ("content_type_id", "codename");
CREATE INDEX IF NOT EXISTS "auth_permission_content_type_id_2f476e4b" ON "auth_permission" ("content_type_id");
CREATE INDEX IF NOT EXISTS "django_session_expire_date_a5c62663" ON "django_session" ("expire_date");
CREATE UNIQUE INDEX "users_profile_likes_profile_id_user_id_68ec7f39_uniq" ON "users_profile_likes" ("profile_id", "user_id");
CREATE INDEX IF NOT EXISTS "users_profile_likes_profile_id_8464ce72" ON "users_profile_likes" ("profile_id");
CREATE INDEX IF NOT EXISTS "users_profile_likes_user_id_558e1c78" ON "users_profile_likes" ("user_id");
CREATE INDEX IF NOT EXISTS "main_chat_author_id_45fd454e" ON "main_chat" ("author_id");
CREATE INDEX IF NOT EXISTS "main_chat_person_to_id_b665086c" ON "main_chat" ("person_to_id");
CREATE INDEX IF NOT EXISTS "account_emailconfirmation_email_address_id_5b7f8c58" ON "account_emailconfirmation" ("email_address_id");
CREATE INDEX IF NOT EXISTS "account_emailaddress_user_id_2c513194" ON "account_emailaddress" ("user_id");
CREATE UNIQUE INDEX "socialaccount_socialtoken_app_id_account_id_fca4e0ac_uniq" ON "socialaccount_socialtoken" ("app_id", "account_id");
CREATE UNIQUE INDEX "socialaccount_socialapp_sites_socialapp_id_site_id_71a9a768_uniq" ON "socialaccount_socialapp_sites" ("socialapp_id", "site_id");
CREATE INDEX IF NOT EXISTS "socialaccount_socialapp_sites_socialapp_id_97fb6e7d" ON "socialaccount_socialapp_sites" ("socialapp_id");
CREATE INDEX IF NOT EXISTS "socialaccount_socialapp_sites_site_id_2579dee5" ON "socialaccount_socialapp_sites" ("site_id");
CREATE INDEX IF NOT EXISTS "socialaccount_socialtoken_account_id_951f210e" ON "socialaccount_socialtoken" ("account_id");
CREATE INDEX IF NOT EXISTS "socialaccount_socialtoken_app_id_636a42d7" ON "socialaccount_socialtoken" ("app_id");
CREATE UNIQUE INDEX "socialaccount_socialaccount_provider_uid_fc810c6e_uniq" ON "socialaccount_socialaccount" ("provider", "uid");
CREATE INDEX IF NOT EXISTS "socialaccount_socialaccount_user_id_8146e70c" ON "socialaccount_socialaccount" ("user_id");
CREATE INDEX IF NOT EXISTS "webpush_pushinformation_group_id_262dcc9a" ON "webpush_pushinformation" ("group_id");
CREATE INDEX IF NOT EXISTS "webpush_pushinformation_subscription_id_7989aa34" ON "webpush_pushinformation" ("subscription_id");
CREATE INDEX IF NOT EXISTS "webpush_pushinformation_user_id_5e083b7f" ON "webpush_pushinformation" ("user_id");
CREATE INDEX IF NOT EXISTS "post_post_author_id_99d134d5" ON "post_post" ("author_id");
CREATE UNIQUE INDEX "post_post_likes_post_id_user_id_eb89d62d_uniq" ON "post_post_likes" ("post_id", "user_id");
CREATE INDEX IF NOT EXISTS "post_post_likes_post_id_9b7090a0" ON "post_post_likes" ("post_id");
CREATE INDEX IF NOT EXISTS "post_post_likes_user_id_42d3de6d" ON "post_post_likes" ("user_id");
CREATE INDEX IF NOT EXISTS "post_comment_author_id_d5c4c360" ON "post_comment" ("author_id");
CREATE INDEX IF NOT EXISTS "post_comment_post_id_ddc2d815" ON "post_comment" ("post_id");
CREATE TABLE IF NOT EXISTS "django_content_type" ("id" integer NOT NULL PRIMARY KEY AUTOINCREMENT, "app_label" varchar(100) NOT NULL, "model" varchar(100) NOT NULL);
INSERT INTO "django_content_type" VALUES(1,'users','profile');
INSERT INTO "django_content_type" VALUES(2,'main','category');
INSERT INTO "django_content_type" VALUES(3,'main','post');
INSERT INTO "django_content_type" VALUES(4,'main','comment');
INSERT INTO "django_content_type" VALUES(5,'main','chat');
INSERT INTO "django_content_type" VALUES(6,'admin','logentry');
INSERT INTO "django_content_type" VALUES(7,'auth','permission');
INSERT INTO "django_content_type" VALUES(8,'auth','group');
INSERT INTO "django_content_type" VALUES(9,'auth','user');
INSERT INTO "django_content_type" VALUES(10,'contenttypes','contenttype');
INSERT INTO "django_content_type" VALUES(11,'sessions','session');
INSERT INTO "django_content_type" VALUES(12,'sites','site');
INSERT INTO "django_content_type" VALUES(13,'account','emailaddress');
INSERT INTO "django_content_type" VALUES(14,'account','emailconfirmation');
INSERT INTO "django_content_type" VALUES(15,'socialaccount','socialaccount');
INSERT INTO "django_content_type" VALUES(16,'socialaccount','socialapp');
INSERT INTO "django_content_type" VALUES(17,'socialaccount','socialtoken');
INSERT INTO "django_content_type" VALUES(18,'webpush','group');
INSERT INTO "django_content_type" VALUES(19,'webpush','pushinformation');
INSERT INTO "django_content_type" VALUES(20,'webpush','subscriptioninfo');
INSERT INTO "django_content_type" VALUES(21,'post','comment');
INSERT INTO "django_content_type" VALUES(22,'post','post');
CREATE UNIQUE INDEX "auth_group_permissions_group_id_permission_id_0cd325b0_uniq" ON "auth_group_permissions" ("group_id", "permission_id");
CREATE INDEX IF NOT EXISTS "auth_group_permissions_group_id_b120cbf9" ON "auth_group_permissions" ("group_id");
CREATE INDEX IF NOT EXISTS "auth_group_permissions_permission_id_84c5c92e" ON "auth_group_permissions" ("permission_id");
CREATE UNIQUE INDEX "auth_user_groups_user_id_group_id_94350c0c_uniq" ON "auth_user_groups" ("user_id", "group_id");
CREATE INDEX IF NOT EXISTS "auth_user_groups_user_id_6a12ed8b" ON "auth_user_groups" ("user_id");
CREATE INDEX IF NOT EXISTS "auth_user_groups_group_id_97559544" ON "auth_user_groups" ("group_id");
CREATE UNIQUE INDEX "auth_user_user_permissions_user_id_permission_id_14a6b632_uniq" ON "auth_user_user_permissions" ("user_id", "permission_id");
CREATE INDEX IF NOT EXISTS "auth_user_user_permissions_user_id_a95ead1b" ON "auth_user_user_permissions" ("user_id");
CREATE INDEX IF NOT EXISTS "auth_user_user_permissions_permission_id_1fbb5f2c" ON "auth_user_user_permissions" ("permission_id");
CREATE INDEX IF NOT EXISTS "django_admin_log_content_type_id_c4bce8eb" ON "django_admin_log" ("content_type_id");
CREATE INDEX IF NOT EXISTS "django_admin_log_user_id_c564eba6" ON "django_admin_log" ("user_id");
CREATE UNIQUE INDEX "django_content_type_app_label_model_76bd3d3b_uniq" ON "django_content_type" ("app_label", "model");
CREATE UNIQUE INDEX "auth_permission_content_type_id_codename_01ab375a_uniq" ON "auth_permission" ("content_type_id", "codename");
CREATE INDEX IF NOT EXISTS "auth_permission_content_type_id_2f476e4b" ON "auth_permission" ("content_type_id");
CREATE INDEX IF NOT EXISTS "django_session_expire_date_a5c62663" ON "django_session" ("expire_date");
CREATE UNIQUE INDEX "users_profile_likes_profile_id_user_id_68ec7f39_uniq" ON "users_profile_likes" ("profile_id", "user_id");
CREATE INDEX IF NOT EXISTS "users_profile_likes_profile_id_8464ce72" ON "users_profile_likes" ("profile_id");
CREATE INDEX IF NOT EXISTS "users_profile_likes_user_id_558e1c78" ON "users_profile_likes" ("user_id");
CREATE INDEX IF NOT EXISTS "main_chat_author_id_45fd454e" ON "main_chat" ("author_id");
CREATE INDEX IF NOT EXISTS "main_chat_person_to_id_b665086c" ON "main_chat" ("person_to_id");
CREATE INDEX IF NOT EXISTS "account_emailconfirmation_email_address_id_5b7f8c58" ON "account_emailconfirmation" ("email_address_id");
CREATE INDEX IF NOT EXISTS "account_emailaddress_user_id_2c513194" ON "account_emailaddress" ("user_id");
CREATE UNIQUE INDEX "socialaccount_socialtoken_app_id_account_id_fca4e0ac_uniq" ON "socialaccount_socialtoken" ("app_id", "account_id");
CREATE UNIQUE INDEX "socialaccount_socialapp_sites_socialapp_id_site_id_71a9a768_uniq" ON "socialaccount_socialapp_sites" ("socialapp_id", "site_id");
CREATE INDEX IF NOT EXISTS "socialaccount_socialapp_sites_socialapp_id_97fb6e7d" ON "socialaccount_socialapp_sites" ("socialapp_id");
CREATE INDEX IF NOT EXISTS "socialaccount_socialapp_sites_site_id_2579dee5" ON "socialaccount_socialapp_sites" ("site_id");
CREATE INDEX IF NOT EXISTS "socialaccount_socialtoken_account_id_951f210e" ON "socialaccount_socialtoken" ("account_id");
CREATE INDEX IF NOT EXISTS "socialaccount_socialtoken_app_id_636a42d7" ON "socialaccount_socialtoken" ("app_id");
CREATE UNIQUE INDEX "socialaccount_socialaccount_provider_uid_fc810c6e_uniq" ON "socialaccount_socialaccount" ("provider", "uid");
CREATE INDEX IF NOT EXISTS "socialaccount_socialaccount_user_id_8146e70c" ON "socialaccount_socialaccount" ("user_id");
CREATE INDEX IF NOT EXISTS "webpush_pushinformation_group_id_262dcc9a" ON "webpush_pushinformation" ("group_id");
CREATE INDEX IF NOT EXISTS "webpush_pushinformation_subscription_id_7989aa34" ON "webpush_pushinformation" ("subscription_id");
CREATE INDEX IF NOT EXISTS "webpush_pushinformation_user_id_5e083b7f" ON "webpush_pushinformation" ("user_id");
CREATE INDEX IF NOT EXISTS "post_post_author_id_99d134d5" ON "post_post" ("author_id");
CREATE UNIQUE INDEX "post_post_likes_post_id_user_id_eb89d62d_uniq" ON "post_post_likes" ("post_id", "user_id");
CREATE INDEX IF NOT EXISTS "post_post_likes_post_id_9b7090a0" ON "post_post_likes" ("post_id");
CREATE INDEX IF NOT EXISTS "post_post_likes_user_id_42d3de6d" ON "post_post_likes" ("user_id");
CREATE INDEX IF NOT EXISTS "post_comment_author_id_d5c4c360" ON "post_comment" ("author_id");
CREATE INDEX IF NOT EXISTS "post_comment_post_id_ddc2d815" ON "post_comment" ("post_id");
CREATE TABLE IF NOT EXISTS "django_migrations" ("id" integer NOT NULL PRIMARY KEY AUTOINCREMENT, "app" varchar(255) NOT NULL, "name" varchar(255) NOT NULL, "applied" datetime NOT NULL);
INSERT INTO "django_migrations" VALUES(1,'contenttypes','0001_initial','2022-07-19 14:07:34.312013');
INSERT INTO "django_migrations" VALUES(2,'auth','0001_initial','2022-07-19 14:07:34.369675');
INSERT INTO "django_migrations" VALUES(3,'admin','0001_initial','2022-07-19 14:07:34.409991');
INSERT INTO "django_migrations" VALUES(4,'admin','0002_logentry_remove_auto_add','2022-07-19 14:07:34.440696');
INSERT INTO "django_migrations" VALUES(5,'admin','0003_logentry_add_action_flag_choices','2022-07-19 14:07:34.470136');
INSERT INTO "django_migrations" VALUES(6,'contenttypes','0002_remove_content_type_name','2022-07-19 14:07:34.513241');
INSERT INTO "django_migrations" VALUES(7,'auth','0002_alter_permission_name_max_length','2022-07-19 14:07:34.546904');
INSERT INTO "django_migrations" VALUES(8,'auth','0003_alter_user_email_max_length','2022-07-19 14:07:34.578803');
INSERT INTO "django_migrations" VALUES(9,'auth','0004_alter_user_username_opts','2022-07-19 14:07:34.607723');
INSERT INTO "django_migrations" VALUES(10,'auth','0005_alter_user_last_login_null','2022-07-19 14:07:34.641720');
INSERT INTO "django_migrations" VALUES(11,'auth','0006_require_contenttypes_0002','2022-07-19 14:07:34.659671');
INSERT INTO "django_migrations" VALUES(12,'auth','0007_alter_validators_add_error_messages','2022-07-19 14:07:34.683831');
INSERT INTO "django_migrations" VALUES(13,'auth','0008_alter_user_username_max_length','2022-07-19 14:07:34.722226');
INSERT INTO "django_migrations" VALUES(14,'auth','0009_alter_user_last_name_max_length','2022-07-19 14:07:34.751203');
INSERT INTO "django_migrations" VALUES(15,'auth','0010_alter_group_name_max_length','2022-07-19 14:07:34.788811');
INSERT INTO "django_migrations" VALUES(16,'auth','0011_update_proxy_permissions','2022-07-19 14:07:34.814143');
INSERT INTO "django_migrations" VALUES(17,'auth','0012_alter_user_first_name_max_length','2022-07-19 14:07:34.852623');
INSERT INTO "django_migrations" VALUES(18,'main','0001_initial','2022-07-19 14:07:34.915018');
INSERT INTO "django_migrations" VALUES(19,'sessions','0001_initial','2022-07-19 14:07:34.953915');
INSERT INTO "django_migrations" VALUES(20,'users','0001_initial','2022-07-19 14:07:35.008095');
INSERT INTO "django_migrations" VALUES(21,'main','0002_remove_comment_user','2022-07-19 15:43:33.910975');
INSERT INTO "django_migrations" VALUES(22,'main','0003_category_post_category','2022-07-19 16:04:06.937180');
INSERT INTO "django_migrations" VALUES(23,'main','0004_alter_comment_date_added_chat','2022-07-20 07:29:40.132118');
INSERT INTO "django_migrations" VALUES(24,'webpush','0001_initial','2022-07-21 10:57:10.011757');
INSERT INTO "django_migrations" VALUES(25,'webpush','0002_auto_20190603_0005','2022-07-21 10:57:10.042567');
INSERT INTO "django_migrations" VALUES(26,'users','0002_profile_theme','2022-08-01 15:37:16.686865');
INSERT INTO "django_migrations" VALUES(27,'users','0003_alter_profile_theme','2022-08-01 15:54:44.458115');
INSERT INTO "django_migrations" VALUES(28,'account','0001_initial','2022-08-09 11:32:17.835581');
INSERT INTO "django_migrations" VALUES(29,'account','0002_email_max_length','2022-08-09 11:32:17.923374');
INSERT INTO "django_migrations" VALUES(30,'sites','0001_initial','2022-08-09 11:32:17.931844');
INSERT INTO "django_migrations" VALUES(31,'sites','0002_alter_domain_unique','2022-08-09 11:32:17.989369');
INSERT INTO "django_migrations" VALUES(32,'socialaccount','0001_initial','2022-08-09 11:32:18.382998');
INSERT INTO "django_migrations" VALUES(33,'socialaccount','0002_token_max_lengths','2022-08-09 11:32:18.513886');
INSERT INTO "django_migrations" VALUES(34,'socialaccount','0003_extra_data_default_dict','2022-08-09 11:32:18.605661');
INSERT INTO "django_migrations" VALUES(35,'main','0002_remove_comment_name_comment_author','2022-09-07 09:46:06.807055');
INSERT INTO "django_migrations" VALUES(36,'main','0003_alter_comment_author','2022-10-29 12:17:20.875894');
INSERT INTO "django_migrations" VALUES(37,'webpush','0003_alter_group_id_alter_pushinformation_id_and_more','2022-10-29 12:17:21.278131');
INSERT INTO "django_migrations" VALUES(38,'users','0004_profile_notifications','2022-11-04 16:17:58.406211');
INSERT INTO "django_migrations" VALUES(39,'main','0004_remove_post_author_remove_post_likes_delete_comment_and_more','2022-11-05 12:41:34.842778');
INSERT INTO "django_migrations" VALUES(40,'post','0001_initial','2022-11-05 12:41:34.973870');
CREATE UNIQUE INDEX "auth_group_permissions_group_id_permission_id_0cd325b0_uniq" ON "auth_group_permissions" ("group_id", "permission_id");
CREATE INDEX IF NOT EXISTS "auth_group_permissions_group_id_b120cbf9" ON "auth_group_permissions" ("group_id");
CREATE INDEX IF NOT EXISTS "auth_group_permissions_permission_id_84c5c92e" ON "auth_group_permissions" ("permission_id");
CREATE UNIQUE INDEX "auth_user_groups_user_id_group_id_94350c0c_uniq" ON "auth_user_groups" ("user_id", "group_id");
CREATE INDEX IF NOT EXISTS "auth_user_groups_user_id_6a12ed8b" ON "auth_user_groups" ("user_id");
CREATE INDEX IF NOT EXISTS "auth_user_groups_group_id_97559544" ON "auth_user_groups" ("group_id");
CREATE UNIQUE INDEX "auth_user_user_permissions_user_id_permission_id_14a6b632_uniq" ON "auth_user_user_permissions" ("user_id", "permission_id");
CREATE INDEX IF NOT EXISTS "auth_user_user_permissions_user_id_a95ead1b" ON "auth_user_user_permissions" ("user_id");
CREATE INDEX IF NOT EXISTS "auth_user_user_permissions_permission_id_1fbb5f2c" ON "auth_user_user_permissions" ("permission_id");
CREATE INDEX IF NOT EXISTS "django_admin_log_content_type_id_c4bce8eb" ON "django_admin_log" ("content_type_id");
CREATE INDEX IF NOT EXISTS "django_admin_log_user_id_c564eba6" ON "django_admin_log" ("user_id");
CREATE UNIQUE INDEX "django_content_type_app_label_model_76bd3d3b_uniq" ON "django_content_type" ("app_label", "model");
CREATE UNIQUE INDEX "auth_permission_content_type_id_codename_01ab375a_uniq" ON "auth_permission" ("content_type_id", "codename");
CREATE INDEX IF NOT EXISTS "auth_permission_content_type_id_2f476e4b" ON "auth_permission" ("content_type_id");
CREATE INDEX IF NOT EXISTS "django_session_expire_date_a5c62663" ON "django_session" ("expire_date");
CREATE UNIQUE INDEX "users_profile_likes_profile_id_user_id_68ec7f39_uniq" ON "users_profile_likes" ("profile_id", "user_id");
CREATE INDEX IF NOT EXISTS "users_profile_likes_profile_id_8464ce72" ON "users_profile_likes" ("profile_id");
CREATE INDEX IF NOT EXISTS "users_profile_likes_user_id_558e1c78" ON "users_profile_likes" ("user_id");
CREATE INDEX IF NOT EXISTS "main_chat_author_id_45fd454e" ON "main_chat" ("author_id");
CREATE INDEX IF NOT EXISTS "main_chat_person_to_id_b665086c" ON "main_chat" ("person_to_id");
CREATE INDEX IF NOT EXISTS "account_emailconfirmation_email_address_id_5b7f8c58" ON "account_emailconfirmation" ("email_address_id");
CREATE INDEX IF NOT EXISTS "account_emailaddress_user_id_2c513194" ON "account_emailaddress" ("user_id");
CREATE UNIQUE INDEX "socialaccount_socialtoken_app_id_account_id_fca4e0ac_uniq" ON "socialaccount_socialtoken" ("app_id", "account_id");
CREATE UNIQUE INDEX "socialaccount_socialapp_sites_socialapp_id_site_id_71a9a768_uniq" ON "socialaccount_socialapp_sites" ("socialapp_id", "site_id");
CREATE INDEX IF NOT EXISTS "socialaccount_socialapp_sites_socialapp_id_97fb6e7d" ON "socialaccount_socialapp_sites" ("socialapp_id");
CREATE INDEX IF NOT EXISTS "socialaccount_socialapp_sites_site_id_2579dee5" ON "socialaccount_socialapp_sites" ("site_id");
CREATE INDEX IF NOT EXISTS "socialaccount_socialtoken_account_id_951f210e" ON "socialaccount_socialtoken" ("account_id");
CREATE INDEX IF NOT EXISTS "socialaccount_socialtoken_app_id_636a42d7" ON "socialaccount_socialtoken" ("app_id");
CREATE UNIQUE INDEX "socialaccount_socialaccount_provider_uid_fc810c6e_uniq" ON "socialaccount_socialaccount" ("provider", "uid");
CREATE INDEX IF NOT EXISTS "socialaccount_socialaccount_user_id_8146e70c" ON "socialaccount_socialaccount" ("user_id");
CREATE INDEX IF NOT EXISTS "webpush_pushinformation_group_id_262dcc9a" ON "webpush_pushinformation" ("group_id");
CREATE INDEX IF NOT EXISTS "webpush_pushinformation_subscription_id_7989aa34" ON "webpush_pushinformation" ("subscription_id");
CREATE INDEX IF NOT EXISTS "webpush_pushinformation_user_id_5e083b7f" ON "webpush_pushinformation" ("user_id");
CREATE INDEX IF NOT EXISTS "post_post_author_id_99d134d5" ON "post_post" ("author_id");
CREATE UNIQUE INDEX "post_post_likes_post_id_user_id_eb89d62d_uniq" ON "post_post_likes" ("post_id", "user_id");
CREATE INDEX IF NOT EXISTS "post_post_likes_post_id_9b7090a0" ON "post_post_likes" ("post_id");
CREATE INDEX IF NOT EXISTS "post_post_likes_user_id_42d3de6d" ON "post_post_likes" ("user_id");
CREATE INDEX IF NOT EXISTS "post_comment_author_id_d5c4c360" ON "post_comment" ("author_id");
CREATE INDEX IF NOT EXISTS "post_comment_post_id_ddc2d815" ON "post_comment" ("post_id");
CREATE TABLE IF NOT EXISTS "django_session" ("session_key" varchar(40) NOT NULL PRIMARY KEY, "session_data" text NOT NULL, "expire_date" datetime NOT NULL);
INSERT INTO "django_session" VALUES('qov30z3l4qgs15ia7t4yev4t99blgpfo','.eJxVjEEOwiAQRe_C2hAYHDp16b5naAYYbNVAUtqV8e7apAvd_vfef6mRt3UatybLOCd1UU6dfrfA8SFlB-nO5VZ1rGVd5qB3RR-06aEmeV4P9-9g4jZ9a2-tzwYcgTcgXU9ZDEbXIXTkyAbP6BhABMhnizmZjI7ojMb0PQdU7w-kSDZd:1oGek1:Dv4W5ted5gKbSjIu5zIKOBnr-3rtNpAtwp836uXSPF0','2022-08-10 10:58:13.650613');
INSERT INTO "django_session" VALUES('ppakft2ln4z0kfj4fif5g3c62jdgxi7c','.eJxVjDsOwjAQBe_iGlkb_2Io6XMGa-314gCypTipEHeHSCmgfTPzXiLgtpaw9byEmcRFDOL0u0VMj1x3QHestyZTq-syR7kr8qBdTo3y83q4fwcFe_nWCOTRMSeFyGAM05hcZASXPRrUBGQ0wJmJLKO1zimtwJnBjil5r8T7AxTyOE8:1oKy19:JoKAk4GzYeNju8ROQJOng6RFqIQ8amR6dFlDiCBILks','2022-08-22 08:21:43.097894');
INSERT INTO "django_session" VALUES('q2kd0qusaz5ycycp94uwquhq53pjf0k0','.eJxVjDsOwjAQBe_iGllex581JT1nsNY_HEC2FCcV4u4QKQW0b2bei3na1uq3kRc_J3ZmyE6_W6D4yG0H6U7t1nnsbV3mwHeFH3Twa0_5eTncv4NKo35rAHKkSxYYNTrIEiZUWaggJu1EsYAClIxBTqaQsqgkOGlRGkNY0Gn2_gC3LzYx:1oL0sA:pd28_3OdSawF5kr48lSnnVkpkLWgnT3aa3B8eQJdqVw','2022-08-22 11:24:38.161694');
INSERT INTO "django_session" VALUES('6ke2ew8omfets1bnn7vgzw7ewdy3pvpb','.eJxVjDsOwyAQBe9CHSGM-W3K9D4DWhYITiKQjF1FuXtsyUXSzsx7b-ZxW4vfelr8HNmVDezyywLSM9VDxAfWe-PU6rrMgR8JP23nU4vpdTvbv4OCvexrgyZLiwAScyapnArJOGu1G9Wo9QBZQRQgVCIE2gk4mUdnCYwAbSP7fAHM6jbq:1oLedk:_DP9YTh64wSf0hLr7KiInX_EJfZxc7WaPNnRp1yCQ1A','2022-08-24 05:52:24.323859');
INSERT INTO "django_session" VALUES('oe5c6gpgcp9jjki1uuifgf6l7tb7znb8','.eJxVjDsOwjAQBe_iGln-LLZDSc8ZovXuggPIluKkQtwdIqWA9s3Me6kR16WMa5d5nFidlHXq8DtmpIfUjfAd661panWZp6w3Re-060tjeZ539--gYC_fmmJkGBxYRBuN4ZTIiRUTiT1dTQBmQRP80Q3BM_sUnCUGC5mjQDTq_QH_CTfD:1oMUv1:uEx_2d3RDoN8xxwftSiT-XGqnsihau38HoLmG16hgEs','2022-08-26 13:41:43.310398');
INSERT INTO "django_session" VALUES('gl8vj4i88lbf3ljlehhvena7ah1x2jtr','.eJxVjMsOwiAQRf-FtSG8poBL934DgWGQqoGktCvjv2uTLnR7zzn3xULc1hq2QUuYMzszw06_W4r4oLaDfI_t1jn2ti5z4rvCDzr4tWd6Xg7376DGUb-1B5hIAckotClosajshIngPRqcigYpySYBIlmTipauaOHQCQICUJa9P9UYN0g:1oMpjw:XBwolKFtgwubRR8IXZzFGFyC6foRb1EWWd71HSj62HE','2022-08-27 11:55:40.748954');
INSERT INTO "django_session" VALUES('7fy4m6bocpzayxxak1ed3kpylbxbjvt6','.eJxVjDsOwyAQBe9CHSGM-W3K9D4DWhYITiKQjF1FuXtsyUXSzsx7b-ZxW4vfelr8HNmVDezyywLSM9VDxAfWe-PU6rrMgR8JP23nU4vpdTvbv4OCvexrgyZLiwAScyapnArJOGu1G9Wo9QBZQRQgVCIE2gk4mUdnCYwAbSP7fAHM6jbq:1oNCY6:PMR3ragFxVxJRok5vOAjKWH2Fj7h2T5kWNamp8uiZTI','2022-08-28 12:16:58.431087');
INSERT INTO "django_session" VALUES('noji976pggn6gql027vftrdg4kllzq2w','.eJxVjMsOwiAQRf-FtSG8poBL934DgWGQqoGktCvjv2uTLnR7zzn3xULc1hq2QUuYMzszw06_W4r4oLaDfI_t1jn2ti5z4rvCDzr4tWd6Xg7376DGUb-1B5hIAckotClosajshIngPRqcigYpySYBIlmTipauaOHQCQICUJa9P9UYN0g:1oP33M:mEicIRxTuSQIWvmp4Pjtq3mmkiufpTYF6vxIW_-SKQA','2022-09-02 14:32:52.959927');
INSERT INTO "django_session" VALUES('rxyqaei6e9xl2bvawmk8ndxth7zfcndy','.eJxVjDsOwyAQBe9CHSGM-W3K9D4DWhYITiKQjF1FuXtsyUXSzsx7b-ZxW4vfelr8HNmVDezyywLSM9VDxAfWe-PU6rrMgR8JP23nU4vpdTvbv4OCvexrgyZLiwAScyapnArJOGu1G9Wo9QBZQRQgVCIE2gk4mUdnCYwAbSP7fAHM6jbq:1oRpUs:DvBBVWeQb0eUYVIihchQsQOauQKsM_zXLbrs3kjHkDs','2022-09-10 06:40:46.591163');
INSERT INTO "django_session" VALUES('nlbvla2v2d3ng6t0r9hi3uk9b1nq2txv','.eJxVjMsOwiAQRf-FtSG8poBL934DgWGQqoGktCvjv2uTLnR7zzn3xULc1hq2QUuYMzszw06_W4r4oLaDfI_t1jn2ti5z4rvCDzr4tWd6Xg7376DGUb-1B5hIAckotClosajshIngPRqcigYpySYBIlmTipauaOHQCQICUJa9P9UYN0g:1oTnFB:LJFFGwueSm1bvaD7JKjTpqHh1ajfpa32_FmmEEKhCVE','2022-09-15 16:40:41.061146');
INSERT INTO "django_session" VALUES('ienahf0a7gtlt91wecvok41t9m2klhka','.eJxVjDsOwyAQBe9CHSGM-W3K9D4DWhYITiKQjF1FuXtsyUXSzsx7b-ZxW4vfelr8HNmVDezyywLSM9VDxAfWe-PU6rrMgR8JP23nU4vpdTvbv4OCvexrgyZLiwAScyapnArJOGu1G9Wo9QBZQRQgVCIE2gk4mUdnCYwAbSP7fAHM6jbq:1oXdj1:karamliw7mv70tRu6dmlIIcritcvmVPBC_wsod_iz3c','2022-09-26 07:19:23.293124');
INSERT INTO "django_session" VALUES('1fj2de505ssrjdylrjtl9jfoc5q2x8s6','.eJxVjDsOwyAQBe9CHSGM-W3K9D4DWhYITiKQjF1FuXtsyUXSzsx7b-ZxW4vfelr8HNmVDezyywLSM9VDxAfWe-PU6rrMgR8JP23nU4vpdTvbv4OCvexrgyZLiwAScyapnArJOGu1G9Wo9QBZQRQgVCIE2gk4mUdnCYwAbSP7fAHM6jbq:1oYUa6:WC6nRlrc96BTnefb_6WuJOnKo0VhiiH1jVBD61TNHfU','2022-09-28 15:45:42.070216');
INSERT INTO "django_session" VALUES('wqzbqhkh6sr65quyvalu3r7tgdooprh4','.eJxVjDsOwjAQBe_iGln-4Q8lfc5gre1dHEC2FCcV4u4QKQW0b2bei0XY1hq3gUucC7sww06_W4L8wLaDcod26zz3ti5z4rvCDzr41As-r4f7d1Bh1G9NgGiC1eTIojbofbDktQQnrAIjiRxSEjKclc5ZW2mV0yYHE4AoCMneH-o6N5I:1oaIyM:Gs12SKw2sn5Ws1x8xDFTzMrUusc6S4evs4ycjZY9-so','2022-10-03 15:46:14.022499');
INSERT INTO "django_session" VALUES('cjz4x1z6ja82e84854ddgb0554oa7uga','.eJxVjDsOwjAQBe_iGln-4Q8lfc5gre1dHEC2FCcV4u4QKQW0b2bei0XY1hq3gUucC7sww06_W4L8wLaDcod26zz3ti5z4rvCDzr41As-r4f7d1Bh1G9NgGiC1eTIojbofbDktQQnrAIjiRxSEjKclc5ZW2mV0yYHE4AoCMneH-o6N5I:1obibR:tC0dWYa_VV84aWxXFCD9OYLe5-we3jWjItaoU2y9jjw','2022-10-07 13:20:25.475999');
INSERT INTO "django_session" VALUES('ro8tslo2mlpfh98jcu4kp4ebkqqnp5qn','.eJxVjDsOwyAQBe9CHSGM-W3K9D4DWhYITiKQjF1FuXtsyUXSzsx7b-ZxW4vfelr8HNmVDezyywLSM9VDxAfWe-PU6rrMgR8JP23nU4vpdTvbv4OCvexrgyZLiwAScyapnArJOGu1G9Wo9QBZQRQgVCIE2gk4mUdnCYwAbSP7fAHM6jbq:1odE94:db47NAMfUAnMYbwqT6FHDwjNGgwtTG6GXkDfnYD7yY0','2022-10-11 17:13:22.398620');
INSERT INTO "django_session" VALUES('wrmmjfgyx0fckss6bq1uhj2fwpi5h5qf','.eJxVjDsOwjAQBe_iGln-4Q8lfc5gre1dHEC2FCcV4u4QKQW0b2bei0XY1hq3gUucC7sww06_W4L8wLaDcod26zz3ti5z4rvCDzr41As-r4f7d1Bh1G9NgGiC1eTIojbofbDktQQnrAIjiRxSEjKclc5ZW2mV0yYHE4AoCMneH-o6N5I:1ojiln:CGOS9doDs5-1r0AxMfcnjz0s_57Kkf71QN3htOJ8q84','2022-10-29 15:08:11.167975');
INSERT INTO "django_session" VALUES('2468t3ti5i5lsx6yi6zls1cb1qex6jec','.eJxVjDsOwyAQBe9CHSGM-W3K9D4DWhYITiKQjF1FuXtsyUXSzsx7b-ZxW4vfelr8HNmVDezyywLSM9VDxAfWe-PU6rrMgR8JP23nU4vpdTvbv4OCvexrgyZLiwAScyapnArJOGu1G9Wo9QBZQRQgVCIE2gk4mUdnCYwAbSP7fAHM6jbq:1opP2x:n-rosdcKcBC7Cd38rAIgV6tlIcLriJQLbDJ0j5n30VA','2022-11-14 07:17:23.255695');
CREATE UNIQUE INDEX "auth_group_permissions_group_id_permission_id_0cd325b0_uniq" ON "auth_group_permissions" ("group_id", "permission_id");
CREATE INDEX IF NOT EXISTS "auth_group_permissions_group_id_b120cbf9" ON "auth_group_permissions" ("group_id");
CREATE INDEX IF NOT EXISTS "auth_group_permissions_permission_id_84c5c92e" ON "auth_group_permissions" ("permission_id");
CREATE UNIQUE INDEX "auth_user_groups_user_id_group_id_94350c0c_uniq" ON "auth_user_groups" ("user_id", "group_id");
CREATE INDEX IF NOT EXISTS "auth_user_groups_user_id_6a12ed8b" ON "auth_user_groups" ("user_id");
CREATE INDEX IF NOT EXISTS "auth_user_groups_group_id_97559544" ON "auth_user_groups" ("group_id");
CREATE UNIQUE INDEX "auth_user_user_permissions_user_id_permission_id_14a6b632_uniq" ON "auth_user_user_permissions" ("user_id", "permission_id");
CREATE INDEX IF NOT EXISTS "auth_user_user_permissions_user_id_a95ead1b" ON "auth_user_user_permissions" ("user_id");
CREATE INDEX IF NOT EXISTS "auth_user_user_permissions_permission_id_1fbb5f2c" ON "auth_user_user_permissions" ("permission_id");
CREATE INDEX IF NOT EXISTS "django_admin_log_content_type_id_c4bce8eb" ON "django_admin_log" ("content_type_id");
CREATE INDEX IF NOT EXISTS "django_admin_log_user_id_c564eba6" ON "django_admin_log" ("user_id");
CREATE UNIQUE INDEX "django_content_type_app_label_model_76bd3d3b_uniq" ON "django_content_type" ("app_label", "model");
CREATE UNIQUE INDEX "auth_permission_content_type_id_codename_01ab375a_uniq" ON "auth_permission" ("content_type_id", "codename");
CREATE INDEX IF NOT EXISTS "auth_permission_content_type_id_2f476e4b" ON "auth_permission" ("content_type_id");
CREATE INDEX IF NOT EXISTS "django_session_expire_date_a5c62663" ON "django_session" ("expire_date");
CREATE UNIQUE INDEX "users_profile_likes_profile_id_user_id_68ec7f39_uniq" ON "users_profile_likes" ("profile_id", "user_id");
CREATE INDEX IF NOT EXISTS "users_profile_likes_profile_id_8464ce72" ON "users_profile_likes" ("profile_id");
CREATE INDEX IF NOT EXISTS "users_profile_likes_user_id_558e1c78" ON "users_profile_likes" ("user_id");
CREATE INDEX IF NOT EXISTS "main_chat_author_id_45fd454e" ON "main_chat" ("author_id");
CREATE INDEX IF NOT EXISTS "main_chat_person_to_id_b665086c" ON "main_chat" ("person_to_id");
CREATE INDEX IF NOT EXISTS "account_emailconfirmation_email_address_id_5b7f8c58" ON "account_emailconfirmation" ("email_address_id");
CREATE INDEX IF NOT EXISTS "account_emailaddress_user_id_2c513194" ON "account_emailaddress" ("user_id");
CREATE UNIQUE INDEX "socialaccount_socialtoken_app_id_account_id_fca4e0ac_uniq" ON "socialaccount_socialtoken" ("app_id", "account_id");
CREATE UNIQUE INDEX "socialaccount_socialapp_sites_socialapp_id_site_id_71a9a768_uniq" ON "socialaccount_socialapp_sites" ("socialapp_id", "site_id");
CREATE INDEX IF NOT EXISTS "socialaccount_socialapp_sites_socialapp_id_97fb6e7d" ON "socialaccount_socialapp_sites" ("socialapp_id");
CREATE INDEX IF NOT EXISTS "socialaccount_socialapp_sites_site_id_2579dee5" ON "socialaccount_socialapp_sites" ("site_id");
CREATE INDEX IF NOT EXISTS "socialaccount_socialtoken_account_id_951f210e" ON "socialaccount_socialtoken" ("account_id");
CREATE INDEX IF NOT EXISTS "socialaccount_socialtoken_app_id_636a42d7" ON "socialaccount_socialtoken" ("app_id");
CREATE UNIQUE INDEX "socialaccount_socialaccount_provider_uid_fc810c6e_uniq" ON "socialaccount_socialaccount" ("provider", "uid");
CREATE INDEX IF NOT EXISTS "socialaccount_socialaccount_user_id_8146e70c" ON "socialaccount_socialaccount" ("user_id");
CREATE INDEX IF NOT EXISTS "webpush_pushinformation_group_id_262dcc9a" ON "webpush_pushinformation" ("group_id");
CREATE INDEX IF NOT EXISTS "webpush_pushinformation_subscription_id_7989aa34" ON "webpush_pushinformation" ("subscription_id");
CREATE INDEX IF NOT EXISTS "webpush_pushinformation_user_id_5e083b7f" ON "webpush_pushinformation" ("user_id");
CREATE INDEX IF NOT EXISTS "post_post_author_id_99d134d5" ON "post_post" ("author_id");
CREATE UNIQUE INDEX "post_post_likes_post_id_user_id_eb89d62d_uniq" ON "post_post_likes" ("post_id", "user_id");
CREATE INDEX IF NOT EXISTS "post_post_likes_post_id_9b7090a0" ON "post_post_likes" ("post_id");
CREATE INDEX IF NOT EXISTS "post_post_likes_user_id_42d3de6d" ON "post_post_likes" ("user_id");
CREATE INDEX IF NOT EXISTS "post_comment_author_id_d5c4c360" ON "post_comment" ("author_id");
CREATE INDEX IF NOT EXISTS "post_comment_post_id_ddc2d815" ON "post_comment" ("post_id");
CREATE TABLE IF NOT EXISTS "django_site" ("id" integer NOT NULL PRIMARY KEY AUTOINCREMENT, "name" varchar(50) NOT NULL, "domain" varchar(100) NOT NULL UNIQUE);
INSERT INTO "django_site" VALUES(1,'jdswebsites.xyz','jdswebsites.xyz');
CREATE UNIQUE INDEX "auth_group_permissions_group_id_permission_id_0cd325b0_uniq" ON "auth_group_permissions" ("group_id", "permission_id");
CREATE INDEX IF NOT EXISTS "auth_group_permissions_group_id_b120cbf9" ON "auth_group_permissions" ("group_id");
CREATE INDEX IF NOT EXISTS "auth_group_permissions_permission_id_84c5c92e" ON "auth_group_permissions" ("permission_id");
CREATE UNIQUE INDEX "auth_user_groups_user_id_group_id_94350c0c_uniq" ON "auth_user_groups" ("user_id", "group_id");
CREATE INDEX IF NOT EXISTS "auth_user_groups_user_id_6a12ed8b" ON "auth_user_groups" ("user_id");
CREATE INDEX IF NOT EXISTS "auth_user_groups_group_id_97559544" ON "auth_user_groups" ("group_id");
CREATE UNIQUE INDEX "auth_user_user_permissions_user_id_permission_id_14a6b632_uniq" ON "auth_user_user_permissions" ("user_id", "permission_id");
CREATE INDEX IF NOT EXISTS "auth_user_user_permissions_user_id_a95ead1b" ON "auth_user_user_permissions" ("user_id");
CREATE INDEX IF NOT EXISTS "auth_user_user_permissions_permission_id_1fbb5f2c" ON "auth_user_user_permissions" ("permission_id");
CREATE INDEX IF NOT EXISTS "django_admin_log_content_type_id_c4bce8eb" ON "django_admin_log" ("content_type_id");
CREATE INDEX IF NOT EXISTS "django_admin_log_user_id_c564eba6" ON "django_admin_log" ("user_id");
CREATE UNIQUE INDEX "django_content_type_app_label_model_76bd3d3b_uniq" ON "django_content_type" ("app_label", "model");
CREATE UNIQUE INDEX "auth_permission_content_type_id_codename_01ab375a_uniq" ON "auth_permission" ("content_type_id", "codename");
CREATE INDEX IF NOT EXISTS "auth_permission_content_type_id_2f476e4b" ON "auth_permission" ("content_type_id");
CREATE INDEX IF NOT EXISTS "django_session_expire_date_a5c62663" ON "django_session" ("expire_date");
CREATE UNIQUE INDEX "users_profile_likes_profile_id_user_id_68ec7f39_uniq" ON "users_profile_likes" ("profile_id", "user_id");
CREATE INDEX IF NOT EXISTS "users_profile_likes_profile_id_8464ce72" ON "users_profile_likes" ("profile_id");
CREATE INDEX IF NOT EXISTS "users_profile_likes_user_id_558e1c78" ON "users_profile_likes" ("user_id");
CREATE INDEX IF NOT EXISTS "main_chat_author_id_45fd454e" ON "main_chat" ("author_id");
CREATE INDEX IF NOT EXISTS "main_chat_person_to_id_b665086c" ON "main_chat" ("person_to_id");
CREATE INDEX IF NOT EXISTS "account_emailconfirmation_email_address_id_5b7f8c58" ON "account_emailconfirmation" ("email_address_id");
CREATE INDEX IF NOT EXISTS "account_emailaddress_user_id_2c513194" ON "account_emailaddress" ("user_id");
CREATE UNIQUE INDEX "socialaccount_socialtoken_app_id_account_id_fca4e0ac_uniq" ON "socialaccount_socialtoken" ("app_id", "account_id");
CREATE UNIQUE INDEX "socialaccount_socialapp_sites_socialapp_id_site_id_71a9a768_uniq" ON "socialaccount_socialapp_sites" ("socialapp_id", "site_id");
CREATE INDEX IF NOT EXISTS "socialaccount_socialapp_sites_socialapp_id_97fb6e7d" ON "socialaccount_socialapp_sites" ("socialapp_id");
CREATE INDEX IF NOT EXISTS "socialaccount_socialapp_sites_site_id_2579dee5" ON "socialaccount_socialapp_sites" ("site_id");
CREATE INDEX IF NOT EXISTS "socialaccount_socialtoken_account_id_951f210e" ON "socialaccount_socialtoken" ("account_id");
CREATE INDEX IF NOT EXISTS "socialaccount_socialtoken_app_id_636a42d7" ON "socialaccount_socialtoken" ("app_id");
CREATE UNIQUE INDEX "socialaccount_socialaccount_provider_uid_fc810c6e_uniq" ON "socialaccount_socialaccount" ("provider", "uid");
CREATE INDEX IF NOT EXISTS "socialaccount_socialaccount_user_id_8146e70c" ON "socialaccount_socialaccount" ("user_id");
CREATE INDEX IF NOT EXISTS "webpush_pushinformation_group_id_262dcc9a" ON "webpush_pushinformation" ("group_id");
CREATE INDEX IF NOT EXISTS "webpush_pushinformation_subscription_id_7989aa34" ON "webpush_pushinformation" ("subscription_id");
CREATE INDEX IF NOT EXISTS "webpush_pushinformation_user_id_5e083b7f" ON "webpush_pushinformation" ("user_id");
CREATE INDEX IF NOT EXISTS "post_post_author_id_99d134d5" ON "post_post" ("author_id");
CREATE UNIQUE INDEX "post_post_likes_post_id_user_id_eb89d62d_uniq" ON "post_post_likes" ("post_id", "user_id");
CREATE INDEX IF NOT EXISTS "post_post_likes_post_id_9b7090a0" ON "post_post_likes" ("post_id");
CREATE INDEX IF NOT EXISTS "post_post_likes_user_id_42d3de6d" ON "post_post_likes" ("user_id");
CREATE INDEX IF NOT EXISTS "post_comment_author_id_d5c4c360" ON "post_comment" ("author_id");
CREATE INDEX IF NOT EXISTS "post_comment_post_id_ddc2d815" ON "post_comment" ("post_id");
CREATE TABLE IF NOT EXISTS "main_category" ("id" integer NOT NULL PRIMARY KEY AUTOINCREMENT, "name" varchar(255) NOT NULL);
INSERT INTO "main_category" VALUES(1,'uncategorized');
INSERT INTO "main_category" VALUES(2,'Coding');
INSERT INTO "main_category" VALUES(3,'Conversation');
INSERT INTO "main_category" VALUES(6,'Complaints');
INSERT INTO "main_category" VALUES(7,'Feature-Requests');
INSERT INTO "main_category" VALUES(8,'Completed-requests');
INSERT INTO "main_category" VALUES(9,'Arduino');
INSERT INTO "main_category" VALUES(10,'Chess');
INSERT INTO "main_category" VALUES(12,'Implemented-requests');
CREATE UNIQUE INDEX "auth_group_permissions_group_id_permission_id_0cd325b0_uniq" ON "auth_group_permissions" ("group_id", "permission_id");
CREATE INDEX IF NOT EXISTS "auth_group_permissions_group_id_b120cbf9" ON "auth_group_permissions" ("group_id");
CREATE INDEX IF NOT EXISTS "auth_group_permissions_permission_id_84c5c92e" ON "auth_group_permissions" ("permission_id");
CREATE UNIQUE INDEX "auth_user_groups_user_id_group_id_94350c0c_uniq" ON "auth_user_groups" ("user_id", "group_id");
CREATE INDEX IF NOT EXISTS "auth_user_groups_user_id_6a12ed8b" ON "auth_user_groups" ("user_id");
CREATE INDEX IF NOT EXISTS "auth_user_groups_group_id_97559544" ON "auth_user_groups" ("group_id");
CREATE UNIQUE INDEX "auth_user_user_permissions_user_id_permission_id_14a6b632_uniq" ON "auth_user_user_permissions" ("user_id", "permission_id");
CREATE INDEX IF NOT EXISTS "auth_user_user_permissions_user_id_a95ead1b" ON "auth_user_user_permissions" ("user_id");
CREATE INDEX IF NOT EXISTS "auth_user_user_permissions_permission_id_1fbb5f2c" ON "auth_user_user_permissions" ("permission_id");
CREATE INDEX IF NOT EXISTS "django_admin_log_content_type_id_c4bce8eb" ON "django_admin_log" ("content_type_id");
CREATE INDEX IF NOT EXISTS "django_admin_log_user_id_c564eba6" ON "django_admin_log" ("user_id");
CREATE UNIQUE INDEX "django_content_type_app_label_model_76bd3d3b_uniq" ON "django_content_type" ("app_label", "model");
CREATE UNIQUE INDEX "auth_permission_content_type_id_codename_01ab375a_uniq" ON "auth_permission" ("content_type_id", "codename");
CREATE INDEX IF NOT EXISTS "auth_permission_content_type_id_2f476e4b" ON "auth_permission" ("content_type_id");
CREATE INDEX IF NOT EXISTS "django_session_expire_date_a5c62663" ON "django_session" ("expire_date");
CREATE UNIQUE INDEX "users_profile_likes_profile_id_user_id_68ec7f39_uniq" ON "users_profile_likes" ("profile_id", "user_id");
CREATE INDEX IF NOT EXISTS "users_profile_likes_profile_id_8464ce72" ON "users_profile_likes" ("profile_id");
CREATE INDEX IF NOT EXISTS "users_profile_likes_user_id_558e1c78" ON "users_profile_likes" ("user_id");
CREATE INDEX IF NOT EXISTS "main_chat_author_id_45fd454e" ON "main_chat" ("author_id");
CREATE INDEX IF NOT EXISTS "main_chat_person_to_id_b665086c" ON "main_chat" ("person_to_id");
CREATE INDEX IF NOT EXISTS "account_emailconfirmation_email_address_id_5b7f8c58" ON "account_emailconfirmation" ("email_address_id");
CREATE INDEX IF NOT EXISTS "account_emailaddress_user_id_2c513194" ON "account_emailaddress" ("user_id");
CREATE UNIQUE INDEX "socialaccount_socialtoken_app_id_account_id_fca4e0ac_uniq" ON "socialaccount_socialtoken" ("app_id", "account_id");
CREATE UNIQUE INDEX "socialaccount_socialapp_sites_socialapp_id_site_id_71a9a768_uniq" ON "socialaccount_socialapp_sites" ("socialapp_id", "site_id");
CREATE INDEX IF NOT EXISTS "socialaccount_socialapp_sites_socialapp_id_97fb6e7d" ON "socialaccount_socialapp_sites" ("socialapp_id");
CREATE INDEX IF NOT EXISTS "socialaccount_socialapp_sites_site_id_2579dee5" ON "socialaccount_socialapp_sites" ("site_id");
CREATE INDEX IF NOT EXISTS "socialaccount_socialtoken_account_id_951f210e" ON "socialaccount_socialtoken" ("account_id");
CREATE INDEX IF NOT EXISTS "socialaccount_socialtoken_app_id_636a42d7" ON "socialaccount_socialtoken" ("app_id");
CREATE UNIQUE INDEX "socialaccount_socialaccount_provider_uid_fc810c6e_uniq" ON "socialaccount_socialaccount" ("provider", "uid");
CREATE INDEX IF NOT EXISTS "socialaccount_socialaccount_user_id_8146e70c" ON "socialaccount_socialaccount" ("user_id");
CREATE INDEX IF NOT EXISTS "webpush_pushinformation_group_id_262dcc9a" ON "webpush_pushinformation" ("group_id");
CREATE INDEX IF NOT EXISTS "webpush_pushinformation_subscription_id_7989aa34" ON "webpush_pushinformation" ("subscription_id");
CREATE INDEX IF NOT EXISTS "webpush_pushinformation_user_id_5e083b7f" ON "webpush_pushinformation" ("user_id");
CREATE INDEX IF NOT EXISTS "post_post_author_id_99d134d5" ON "post_post" ("author_id");
CREATE UNIQUE INDEX "post_post_likes_post_id_user_id_eb89d62d_uniq" ON "post_post_likes" ("post_id", "user_id");
CREATE INDEX IF NOT EXISTS "post_post_likes_post_id_9b7090a0" ON "post_post_likes" ("post_id");
CREATE INDEX IF NOT EXISTS "post_post_likes_user_id_42d3de6d" ON "post_post_likes" ("user_id");
CREATE INDEX IF NOT EXISTS "post_comment_author_id_d5c4c360" ON "post_comment" ("author_id");
CREATE INDEX IF NOT EXISTS "post_comment_post_id_ddc2d815" ON "post_comment" ("post_id");
CREATE TABLE IF NOT EXISTS "main_chat" ("id" integer NOT NULL PRIMARY KEY AUTOINCREMENT, "content" text NOT NULL, "date_posted" datetime NOT NULL, "author_id" integer NOT NULL REFERENCES "auth_user" ("id") DEFERRABLE INITIALLY DEFERRED, "person_to_id" integer NOT NULL REFERENCES "auth_user" ("id") DEFERRABLE INITIALLY DEFERRED);
INSERT INTO "main_chat" VALUES(90,'You should make a chess category','2022-08-01 12:52:58.891134',4,1);
INSERT INTO "main_chat" VALUES(91,'OK great if you have any suggestions please contact me!!!','2022-08-01 13:40:23.018928',1,4);
INSERT INTO "main_chat" VALUES(100,'Why Are You Surprised??','2022-08-22 08:38:32.438395',1,13);
INSERT INTO "main_chat" VALUES(101,'Why are you surrprized?????','2022-08-27 06:40:08.382395',8,13);
INSERT INTO "main_chat" VALUES(102,'You are wired!!!!!!','2022-08-27 06:40:26.574737',8,13);
INSERT INTO "main_chat" VALUES(103,'I think you are weird!!!!!','2022-09-09 11:42:19',3,4);
INSERT INTO "main_chat" VALUES(104,'Dont you think the picture is great???','2022-09-13 14:23:39.914722',1,3);
INSERT INTO "main_chat" VALUES(105,'You should delete The Other Yoder Blog!','2021-03-14 16:14:29',4,3);
INSERT INTO "main_chat" VALUES(106,'Why are you suprised?','2022-09-19 15:59:52.811016',4,13);
INSERT INTO "main_chat" VALUES(107,'Why did you change our usernames? That is abusing your power as admin..','2023-09-19 16:01:37',4,1);
INSERT INTO "main_chat" VALUES(108,'weird yourself!!!','2022-09-27 14:43:57.461405',4,3);
INSERT INTO "main_chat" VALUES(109,'hello ??','2022-09-27 17:00:05.361407',8,1);
CREATE UNIQUE INDEX "auth_group_permissions_group_id_permission_id_0cd325b0_uniq" ON "auth_group_permissions" ("group_id", "permission_id");
CREATE INDEX IF NOT EXISTS "auth_group_permissions_group_id_b120cbf9" ON "auth_group_permissions" ("group_id");
CREATE INDEX IF NOT EXISTS "auth_group_permissions_permission_id_84c5c92e" ON "auth_group_permissions" ("permission_id");
CREATE UNIQUE INDEX "auth_user_groups_user_id_group_id_94350c0c_uniq" ON "auth_user_groups" ("user_id", "group_id");
CREATE INDEX IF NOT EXISTS "auth_user_groups_user_id_6a12ed8b" ON "auth_user_groups" ("user_id");
CREATE INDEX IF NOT EXISTS "auth_user_groups_group_id_97559544" ON "auth_user_groups" ("group_id");
CREATE UNIQUE INDEX "auth_user_user_permissions_user_id_permission_id_14a6b632_uniq" ON "auth_user_user_permissions" ("user_id", "permission_id");
CREATE INDEX IF NOT EXISTS "auth_user_user_permissions_user_id_a95ead1b" ON "auth_user_user_permissions" ("user_id");
CREATE INDEX IF NOT EXISTS "auth_user_user_permissions_permission_id_1fbb5f2c" ON "auth_user_user_permissions" ("permission_id");
CREATE INDEX IF NOT EXISTS "django_admin_log_content_type_id_c4bce8eb" ON "django_admin_log" ("content_type_id");
CREATE INDEX IF NOT EXISTS "django_admin_log_user_id_c564eba6" ON "django_admin_log" ("user_id");
CREATE UNIQUE INDEX "django_content_type_app_label_model_76bd3d3b_uniq" ON "django_content_type" ("app_label", "model");
CREATE UNIQUE INDEX "auth_permission_content_type_id_codename_01ab375a_uniq" ON "auth_permission" ("content_type_id", "codename");
CREATE INDEX IF NOT EXISTS "auth_permission_content_type_id_2f476e4b" ON "auth_permission" ("content_type_id");
CREATE INDEX IF NOT EXISTS "django_session_expire_date_a5c62663" ON "django_session" ("expire_date");
CREATE UNIQUE INDEX "users_profile_likes_profile_id_user_id_68ec7f39_uniq" ON "users_profile_likes" ("profile_id", "user_id");
CREATE INDEX IF NOT EXISTS "users_profile_likes_profile_id_8464ce72" ON "users_profile_likes" ("profile_id");
CREATE INDEX IF NOT EXISTS "users_profile_likes_user_id_558e1c78" ON "users_profile_likes" ("user_id");
CREATE INDEX IF NOT EXISTS "main_chat_author_id_45fd454e" ON "main_chat" ("author_id");
CREATE INDEX IF NOT EXISTS "main_chat_person_to_id_b665086c" ON "main_chat" ("person_to_id");
CREATE INDEX IF NOT EXISTS "account_emailconfirmation_email_address_id_5b7f8c58" ON "account_emailconfirmation" ("email_address_id");
CREATE INDEX IF NOT EXISTS "account_emailaddress_user_id_2c513194" ON "account_emailaddress" ("user_id");
CREATE UNIQUE INDEX "socialaccount_socialtoken_app_id_account_id_fca4e0ac_uniq" ON "socialaccount_socialtoken" ("app_id", "account_id");
CREATE UNIQUE INDEX "socialaccount_socialapp_sites_socialapp_id_site_id_71a9a768_uniq" ON "socialaccount_socialapp_sites" ("socialapp_id", "site_id");
CREATE INDEX IF NOT EXISTS "socialaccount_socialapp_sites_socialapp_id_97fb6e7d" ON "socialaccount_socialapp_sites" ("socialapp_id");
CREATE INDEX IF NOT EXISTS "socialaccount_socialapp_sites_site_id_2579dee5" ON "socialaccount_socialapp_sites" ("site_id");
CREATE INDEX IF NOT EXISTS "socialaccount_socialtoken_account_id_951f210e" ON "socialaccount_socialtoken" ("account_id");
CREATE INDEX IF NOT EXISTS "socialaccount_socialtoken_app_id_636a42d7" ON "socialaccount_socialtoken" ("app_id");
CREATE UNIQUE INDEX "socialaccount_socialaccount_provider_uid_fc810c6e_uniq" ON "socialaccount_socialaccount" ("provider", "uid");
CREATE INDEX IF NOT EXISTS "socialaccount_socialaccount_user_id_8146e70c" ON "socialaccount_socialaccount" ("user_id");
CREATE INDEX IF NOT EXISTS "webpush_pushinformation_group_id_262dcc9a" ON "webpush_pushinformation" ("group_id");
CREATE INDEX IF NOT EXISTS "webpush_pushinformation_subscription_id_7989aa34" ON "webpush_pushinformation" ("subscription_id");
CREATE INDEX IF NOT EXISTS "webpush_pushinformation_user_id_5e083b7f" ON "webpush_pushinformation" ("user_id");
CREATE INDEX IF NOT EXISTS "post_post_author_id_99d134d5" ON "post_post" ("author_id");
CREATE UNIQUE INDEX "post_post_likes_post_id_user_id_eb89d62d_uniq" ON "post_post_likes" ("post_id", "user_id");
CREATE INDEX IF NOT EXISTS "post_post_likes_post_id_9b7090a0" ON "post_post_likes" ("post_id");
CREATE INDEX IF NOT EXISTS "post_post_likes_user_id_42d3de6d" ON "post_post_likes" ("user_id");
CREATE INDEX IF NOT EXISTS "post_comment_author_id_d5c4c360" ON "post_comment" ("author_id");
CREATE INDEX IF NOT EXISTS "post_comment_post_id_ddc2d815" ON "post_comment" ("post_id");
CREATE TABLE IF NOT EXISTS "post_comment" ("id" integer NOT NULL PRIMARY KEY AUTOINCREMENT, "body" text NOT NULL, "date_added" datetime NOT NULL, "author_id" integer NOT NULL REFERENCES "auth_user" ("id") DEFERRABLE INITIALLY DEFERRED, "post_id" bigint NOT NULL REFERENCES "post_post" ("id") DEFERRABLE INITIALLY DEFERRED);
CREATE UNIQUE INDEX "auth_group_permissions_group_id_permission_id_0cd325b0_uniq" ON "auth_group_permissions" ("group_id", "permission_id");
CREATE INDEX IF NOT EXISTS "auth_group_permissions_group_id_b120cbf9" ON "auth_group_permissions" ("group_id");
CREATE INDEX IF NOT EXISTS "auth_group_permissions_permission_id_84c5c92e" ON "auth_group_permissions" ("permission_id");
CREATE UNIQUE INDEX "auth_user_groups_user_id_group_id_94350c0c_uniq" ON "auth_user_groups" ("user_id", "group_id");
CREATE INDEX IF NOT EXISTS "auth_user_groups_user_id_6a12ed8b" ON "auth_user_groups" ("user_id");
CREATE INDEX IF NOT EXISTS "auth_user_groups_group_id_97559544" ON "auth_user_groups" ("group_id");
CREATE UNIQUE INDEX "auth_user_user_permissions_user_id_permission_id_14a6b632_uniq" ON "auth_user_user_permissions" ("user_id", "permission_id");
CREATE INDEX IF NOT EXISTS "auth_user_user_permissions_user_id_a95ead1b" ON "auth_user_user_permissions" ("user_id");
CREATE INDEX IF NOT EXISTS "auth_user_user_permissions_permission_id_1fbb5f2c" ON "auth_user_user_permissions" ("permission_id");
CREATE INDEX IF NOT EXISTS "django_admin_log_content_type_id_c4bce8eb" ON "django_admin_log" ("content_type_id");
CREATE INDEX IF NOT EXISTS "django_admin_log_user_id_c564eba6" ON "django_admin_log" ("user_id");
CREATE UNIQUE INDEX "django_content_type_app_label_model_76bd3d3b_uniq" ON "django_content_type" ("app_label", "model");
CREATE UNIQUE INDEX "auth_permission_content_type_id_codename_01ab375a_uniq" ON "auth_permission" ("content_type_id", "codename");
CREATE INDEX IF NOT EXISTS "auth_permission_content_type_id_2f476e4b" ON "auth_permission" ("content_type_id");
CREATE INDEX IF NOT EXISTS "django_session_expire_date_a5c62663" ON "django_session" ("expire_date");
CREATE UNIQUE INDEX "users_profile_likes_profile_id_user_id_68ec7f39_uniq" ON "users_profile_likes" ("profile_id", "user_id");
CREATE INDEX IF NOT EXISTS "users_profile_likes_profile_id_8464ce72" ON "users_profile_likes" ("profile_id");
CREATE INDEX IF NOT EXISTS "users_profile_likes_user_id_558e1c78" ON "users_profile_likes" ("user_id");
CREATE INDEX IF NOT EXISTS "main_chat_author_id_45fd454e" ON "main_chat" ("author_id");
CREATE INDEX IF NOT EXISTS "main_chat_person_to_id_b665086c" ON "main_chat" ("person_to_id");
CREATE INDEX IF NOT EXISTS "account_emailconfirmation_email_address_id_5b7f8c58" ON "account_emailconfirmation" ("email_address_id");
CREATE INDEX IF NOT EXISTS "account_emailaddress_user_id_2c513194" ON "account_emailaddress" ("user_id");
CREATE UNIQUE INDEX "socialaccount_socialtoken_app_id_account_id_fca4e0ac_uniq" ON "socialaccount_socialtoken" ("app_id", "account_id");
CREATE UNIQUE INDEX "socialaccount_socialapp_sites_socialapp_id_site_id_71a9a768_uniq" ON "socialaccount_socialapp_sites" ("socialapp_id", "site_id");
CREATE INDEX IF NOT EXISTS "socialaccount_socialapp_sites_socialapp_id_97fb6e7d" ON "socialaccount_socialapp_sites" ("socialapp_id");
CREATE INDEX IF NOT EXISTS "socialaccount_socialapp_sites_site_id_2579dee5" ON "socialaccount_socialapp_sites" ("site_id");
CREATE INDEX IF NOT EXISTS "socialaccount_socialtoken_account_id_951f210e" ON "socialaccount_socialtoken" ("account_id");
CREATE INDEX IF NOT EXISTS "socialaccount_socialtoken_app_id_636a42d7" ON "socialaccount_socialtoken" ("app_id");
CREATE UNIQUE INDEX "socialaccount_socialaccount_provider_uid_fc810c6e_uniq" ON "socialaccount_socialaccount" ("provider", "uid");
CREATE INDEX IF NOT EXISTS "socialaccount_socialaccount_user_id_8146e70c" ON "socialaccount_socialaccount" ("user_id");
CREATE INDEX IF NOT EXISTS "webpush_pushinformation_group_id_262dcc9a" ON "webpush_pushinformation" ("group_id");
CREATE INDEX IF NOT EXISTS "webpush_pushinformation_subscription_id_7989aa34" ON "webpush_pushinformation" ("subscription_id");
CREATE INDEX IF NOT EXISTS "webpush_pushinformation_user_id_5e083b7f" ON "webpush_pushinformation" ("user_id");
CREATE INDEX IF NOT EXISTS "post_post_author_id_99d134d5" ON "post_post" ("author_id");
CREATE UNIQUE INDEX "post_post_likes_post_id_user_id_eb89d62d_uniq" ON "post_post_likes" ("post_id", "user_id");
CREATE INDEX IF NOT EXISTS "post_post_likes_post_id_9b7090a0" ON "post_post_likes" ("post_id");
CREATE INDEX IF NOT EXISTS "post_post_likes_user_id_42d3de6d" ON "post_post_likes" ("user_id");
CREATE INDEX IF NOT EXISTS "post_comment_author_id_d5c4c360" ON "post_comment" ("author_id");
CREATE INDEX IF NOT EXISTS "post_comment_post_id_ddc2d815" ON "post_comment" ("post_id");
CREATE TABLE IF NOT EXISTS "post_post" ("id" integer NOT NULL PRIMARY KEY AUTOINCREMENT, "title" varchar(200) NOT NULL, "content" text NULL, "date_posted" datetime NOT NULL, "last_modified" datetime NOT NULL, "category" varchar(255) NOT NULL, "author_id" integer NOT NULL REFERENCES "auth_user" ("id") DEFERRABLE INITIALLY DEFERRED);
CREATE UNIQUE INDEX "auth_group_permissions_group_id_permission_id_0cd325b0_uniq" ON "auth_group_permissions" ("group_id", "permission_id");
CREATE INDEX IF NOT EXISTS "auth_group_permissions_group_id_b120cbf9" ON "auth_group_permissions" ("group_id");
CREATE INDEX IF NOT EXISTS "auth_group_permissions_permission_id_84c5c92e" ON "auth_group_permissions" ("permission_id");
CREATE UNIQUE INDEX "auth_user_groups_user_id_group_id_94350c0c_uniq" ON "auth_user_groups" ("user_id", "group_id");
CREATE INDEX IF NOT EXISTS "auth_user_groups_user_id_6a12ed8b" ON "auth_user_groups" ("user_id");
CREATE INDEX IF NOT EXISTS "auth_user_groups_group_id_97559544" ON "auth_user_groups" ("group_id");
CREATE UNIQUE INDEX "auth_user_user_permissions_user_id_permission_id_14a6b632_uniq" ON "auth_user_user_permissions" ("user_id", "permission_id");
CREATE INDEX IF NOT EXISTS "auth_user_user_permissions_user_id_a95ead1b" ON "auth_user_user_permissions" ("user_id");
CREATE INDEX IF NOT EXISTS "auth_user_user_permissions_permission_id_1fbb5f2c" ON "auth_user_user_permissions" ("permission_id");
CREATE INDEX IF NOT EXISTS "django_admin_log_content_type_id_c4bce8eb" ON "django_admin_log" ("content_type_id");
CREATE INDEX IF NOT EXISTS "django_admin_log_user_id_c564eba6" ON "django_admin_log" ("user_id");
CREATE UNIQUE INDEX "django_content_type_app_label_model_76bd3d3b_uniq" ON "django_content_type" ("app_label", "model");
CREATE UNIQUE INDEX "auth_permission_content_type_id_codename_01ab375a_uniq" ON "auth_permission" ("content_type_id", "codename");
CREATE INDEX IF NOT EXISTS "auth_permission_content_type_id_2f476e4b" ON "auth_permission" ("content_type_id");
CREATE INDEX IF NOT EXISTS "django_session_expire_date_a5c62663" ON "django_session" ("expire_date");
CREATE UNIQUE INDEX "users_profile_likes_profile_id_user_id_68ec7f39_uniq" ON "users_profile_likes" ("profile_id", "user_id");
CREATE INDEX IF NOT EXISTS "users_profile_likes_profile_id_8464ce72" ON "users_profile_likes" ("profile_id");
CREATE INDEX IF NOT EXISTS "users_profile_likes_user_id_558e1c78" ON "users_profile_likes" ("user_id");
CREATE INDEX IF NOT EXISTS "main_chat_author_id_45fd454e" ON "main_chat" ("author_id");
CREATE INDEX IF NOT EXISTS "main_chat_person_to_id_b665086c" ON "main_chat" ("person_to_id");
CREATE INDEX IF NOT EXISTS "account_emailconfirmation_email_address_id_5b7f8c58" ON "account_emailconfirmation" ("email_address_id");
CREATE INDEX IF NOT EXISTS "account_emailaddress_user_id_2c513194" ON "account_emailaddress" ("user_id");
CREATE UNIQUE INDEX "socialaccount_socialtoken_app_id_account_id_fca4e0ac_uniq" ON "socialaccount_socialtoken" ("app_id", "account_id");
CREATE UNIQUE INDEX "socialaccount_socialapp_sites_socialapp_id_site_id_71a9a768_uniq" ON "socialaccount_socialapp_sites" ("socialapp_id", "site_id");
CREATE INDEX IF NOT EXISTS "socialaccount_socialapp_sites_socialapp_id_97fb6e7d" ON "socialaccount_socialapp_sites" ("socialapp_id");
CREATE INDEX IF NOT EXISTS "socialaccount_socialapp_sites_site_id_2579dee5" ON "socialaccount_socialapp_sites" ("site_id");
CREATE INDEX IF NOT EXISTS "socialaccount_socialtoken_account_id_951f210e" ON "socialaccount_socialtoken" ("account_id");
CREATE INDEX IF NOT EXISTS "socialaccount_socialtoken_app_id_636a42d7" ON "socialaccount_socialtoken" ("app_id");
CREATE UNIQUE INDEX "socialaccount_socialaccount_provider_uid_fc810c6e_uniq" ON "socialaccount_socialaccount" ("provider", "uid");
CREATE INDEX IF NOT EXISTS "socialaccount_socialaccount_user_id_8146e70c" ON "socialaccount_socialaccount" ("user_id");
CREATE INDEX IF NOT EXISTS "webpush_pushinformation_group_id_262dcc9a" ON "webpush_pushinformation" ("group_id");
CREATE INDEX IF NOT EXISTS "webpush_pushinformation_subscription_id_7989aa34" ON "webpush_pushinformation" ("subscription_id");
CREATE INDEX IF NOT EXISTS "webpush_pushinformation_user_id_5e083b7f" ON "webpush_pushinformation" ("user_id");
CREATE INDEX IF NOT EXISTS "post_post_author_id_99d134d5" ON "post_post" ("author_id");
CREATE UNIQUE INDEX "post_post_likes_post_id_user_id_eb89d62d_uniq" ON "post_post_likes" ("post_id", "user_id");
CREATE INDEX IF NOT EXISTS "post_post_likes_post_id_9b7090a0" ON "post_post_likes" ("post_id");
CREATE INDEX IF NOT EXISTS "post_post_likes_user_id_42d3de6d" ON "post_post_likes" ("user_id");
CREATE INDEX IF NOT EXISTS "post_comment_author_id_d5c4c360" ON "post_comment" ("author_id");
CREATE INDEX IF NOT EXISTS "post_comment_post_id_ddc2d815" ON "post_comment" ("post_id");
CREATE TABLE IF NOT EXISTS "post_post_likes" ("id" integer NOT NULL PRIMARY KEY AUTOINCREMENT, "post_id" bigint NOT NULL REFERENCES "post_post" ("id") DEFERRABLE INITIALLY DEFERRED, "user_id" integer NOT NULL REFERENCES "auth_user" ("id") DEFERRABLE INITIALLY DEFERRED);
CREATE UNIQUE INDEX "auth_group_permissions_group_id_permission_id_0cd325b0_uniq" ON "auth_group_permissions" ("group_id", "permission_id");
CREATE INDEX IF NOT EXISTS "auth_group_permissions_group_id_b120cbf9" ON "auth_group_permissions" ("group_id");
CREATE INDEX IF NOT EXISTS "auth_group_permissions_permission_id_84c5c92e" ON "auth_group_permissions" ("permission_id");
CREATE UNIQUE INDEX "auth_user_groups_user_id_group_id_94350c0c_uniq" ON "auth_user_groups" ("user_id", "group_id");
CREATE INDEX IF NOT EXISTS "auth_user_groups_user_id_6a12ed8b" ON "auth_user_groups" ("user_id");
CREATE INDEX IF NOT EXISTS "auth_user_groups_group_id_97559544" ON "auth_user_groups" ("group_id");
CREATE UNIQUE INDEX "auth_user_user_permissions_user_id_permission_id_14a6b632_uniq" ON "auth_user_user_permissions" ("user_id", "permission_id");
CREATE INDEX IF NOT EXISTS "auth_user_user_permissions_user_id_a95ead1b" ON "auth_user_user_permissions" ("user_id");
CREATE INDEX IF NOT EXISTS "auth_user_user_permissions_permission_id_1fbb5f2c" ON "auth_user_user_permissions" ("permission_id");
CREATE INDEX IF NOT EXISTS "django_admin_log_content_type_id_c4bce8eb" ON "django_admin_log" ("content_type_id");
CREATE INDEX IF NOT EXISTS "django_admin_log_user_id_c564eba6" ON "django_admin_log" ("user_id");
CREATE UNIQUE INDEX "django_content_type_app_label_model_76bd3d3b_uniq" ON "django_content_type" ("app_label", "model");
CREATE UNIQUE INDEX "auth_permission_content_type_id_codename_01ab375a_uniq" ON "auth_permission" ("content_type_id", "codename");
CREATE INDEX IF NOT EXISTS "auth_permission_content_type_id_2f476e4b" ON "auth_permission" ("content_type_id");
CREATE INDEX IF NOT EXISTS "django_session_expire_date_a5c62663" ON "django_session" ("expire_date");
CREATE UNIQUE INDEX "users_profile_likes_profile_id_user_id_68ec7f39_uniq" ON "users_profile_likes" ("profile_id", "user_id");
CREATE INDEX IF NOT EXISTS "users_profile_likes_profile_id_8464ce72" ON "users_profile_likes" ("profile_id");
CREATE INDEX IF NOT EXISTS "users_profile_likes_user_id_558e1c78" ON "users_profile_likes" ("user_id");
CREATE INDEX IF NOT EXISTS "main_chat_author_id_45fd454e" ON "main_chat" ("author_id");
CREATE INDEX IF NOT EXISTS "main_chat_person_to_id_b665086c" ON "main_chat" ("person_to_id");
CREATE INDEX IF NOT EXISTS "account_emailconfirmation_email_address_id_5b7f8c58" ON "account_emailconfirmation" ("email_address_id");
CREATE INDEX IF NOT EXISTS "account_emailaddress_user_id_2c513194" ON "account_emailaddress" ("user_id");
CREATE UNIQUE INDEX "socialaccount_socialtoken_app_id_account_id_fca4e0ac_uniq" ON "socialaccount_socialtoken" ("app_id", "account_id");
CREATE UNIQUE INDEX "socialaccount_socialapp_sites_socialapp_id_site_id_71a9a768_uniq" ON "socialaccount_socialapp_sites" ("socialapp_id", "site_id");
CREATE INDEX IF NOT EXISTS "socialaccount_socialapp_sites_socialapp_id_97fb6e7d" ON "socialaccount_socialapp_sites" ("socialapp_id");
CREATE INDEX IF NOT EXISTS "socialaccount_socialapp_sites_site_id_2579dee5" ON "socialaccount_socialapp_sites" ("site_id");
CREATE INDEX IF NOT EXISTS "socialaccount_socialtoken_account_id_951f210e" ON "socialaccount_socialtoken" ("account_id");
CREATE INDEX IF NOT EXISTS "socialaccount_socialtoken_app_id_636a42d7" ON "socialaccount_socialtoken" ("app_id");
CREATE UNIQUE INDEX "socialaccount_socialaccount_provider_uid_fc810c6e_uniq" ON "socialaccount_socialaccount" ("provider", "uid");
CREATE INDEX IF NOT EXISTS "socialaccount_socialaccount_user_id_8146e70c" ON "socialaccount_socialaccount" ("user_id");
CREATE INDEX IF NOT EXISTS "webpush_pushinformation_group_id_262dcc9a" ON "webpush_pushinformation" ("group_id");
CREATE INDEX IF NOT EXISTS "webpush_pushinformation_subscription_id_7989aa34" ON "webpush_pushinformation" ("subscription_id");
CREATE INDEX IF NOT EXISTS "webpush_pushinformation_user_id_5e083b7f" ON "webpush_pushinformation" ("user_id");
CREATE INDEX IF NOT EXISTS "post_post_author_id_99d134d5" ON "post_post" ("author_id");
CREATE UNIQUE INDEX "post_post_likes_post_id_user_id_eb89d62d_uniq" ON "post_post_likes" ("post_id", "user_id");
CREATE INDEX IF NOT EXISTS "post_post_likes_post_id_9b7090a0" ON "post_post_likes" ("post_id");
CREATE INDEX IF NOT EXISTS "post_post_likes_user_id_42d3de6d" ON "post_post_likes" ("user_id");
CREATE INDEX IF NOT EXISTS "post_comment_author_id_d5c4c360" ON "post_comment" ("author_id");
CREATE INDEX IF NOT EXISTS "post_comment_post_id_ddc2d815" ON "post_comment" ("post_id");
CREATE TABLE IF NOT EXISTS "socialaccount_socialaccount" ("id" integer NOT NULL PRIMARY KEY AUTOINCREMENT, "provider" varchar(30) NOT NULL, "uid" varchar(191) NOT NULL, "last_login" datetime NOT NULL, "date_joined" datetime NOT NULL, "user_id" integer NOT NULL REFERENCES "auth_user" ("id") DEFERRABLE INITIALLY DEFERRED, "extra_data" text NOT NULL);
CREATE UNIQUE INDEX "auth_group_permissions_group_id_permission_id_0cd325b0_uniq" ON "auth_group_permissions" ("group_id", "permission_id");
CREATE INDEX IF NOT EXISTS "auth_group_permissions_group_id_b120cbf9" ON "auth_group_permissions" ("group_id");
CREATE INDEX IF NOT EXISTS "auth_group_permissions_permission_id_84c5c92e" ON "auth_group_permissions" ("permission_id");
CREATE UNIQUE INDEX "auth_user_groups_user_id_group_id_94350c0c_uniq" ON "auth_user_groups" ("user_id", "group_id");
CREATE INDEX IF NOT EXISTS "auth_user_groups_user_id_6a12ed8b" ON "auth_user_groups" ("user_id");
CREATE INDEX IF NOT EXISTS "auth_user_groups_group_id_97559544" ON "auth_user_groups" ("group_id");
CREATE UNIQUE INDEX "auth_user_user_permissions_user_id_permission_id_14a6b632_uniq" ON "auth_user_user_permissions" ("user_id", "permission_id");
CREATE INDEX IF NOT EXISTS "auth_user_user_permissions_user_id_a95ead1b" ON "auth_user_user_permissions" ("user_id");
CREATE INDEX IF NOT EXISTS "auth_user_user_permissions_permission_id_1fbb5f2c" ON "auth_user_user_permissions" ("permission_id");
CREATE INDEX IF NOT EXISTS "django_admin_log_content_type_id_c4bce8eb" ON "django_admin_log" ("content_type_id");
CREATE INDEX IF NOT EXISTS "django_admin_log_user_id_c564eba6" ON "django_admin_log" ("user_id");
CREATE UNIQUE INDEX "django_content_type_app_label_model_76bd3d3b_uniq" ON "django_content_type" ("app_label", "model");
CREATE UNIQUE INDEX "auth_permission_content_type_id_codename_01ab375a_uniq" ON "auth_permission" ("content_type_id", "codename");
CREATE INDEX IF NOT EXISTS "auth_permission_content_type_id_2f476e4b" ON "auth_permission" ("content_type_id");
CREATE INDEX IF NOT EXISTS "django_session_expire_date_a5c62663" ON "django_session" ("expire_date");
CREATE UNIQUE INDEX "users_profile_likes_profile_id_user_id_68ec7f39_uniq" ON "users_profile_likes" ("profile_id", "user_id");
CREATE INDEX IF NOT EXISTS "users_profile_likes_profile_id_8464ce72" ON "users_profile_likes" ("profile_id");
CREATE INDEX IF NOT EXISTS "users_profile_likes_user_id_558e1c78" ON "users_profile_likes" ("user_id");
CREATE INDEX IF NOT EXISTS "main_chat_author_id_45fd454e" ON "main_chat" ("author_id");
CREATE INDEX IF NOT EXISTS "main_chat_person_to_id_b665086c" ON "main_chat" ("person_to_id");
CREATE INDEX IF NOT EXISTS "account_emailconfirmation_email_address_id_5b7f8c58" ON "account_emailconfirmation" ("email_address_id");
CREATE INDEX IF NOT EXISTS "account_emailaddress_user_id_2c513194" ON "account_emailaddress" ("user_id");
CREATE UNIQUE INDEX "socialaccount_socialtoken_app_id_account_id_fca4e0ac_uniq" ON "socialaccount_socialtoken" ("app_id", "account_id");
CREATE UNIQUE INDEX "socialaccount_socialapp_sites_socialapp_id_site_id_71a9a768_uniq" ON "socialaccount_socialapp_sites" ("socialapp_id", "site_id");
CREATE INDEX IF NOT EXISTS "socialaccount_socialapp_sites_socialapp_id_97fb6e7d" ON "socialaccount_socialapp_sites" ("socialapp_id");
CREATE INDEX IF NOT EXISTS "socialaccount_socialapp_sites_site_id_2579dee5" ON "socialaccount_socialapp_sites" ("site_id");
CREATE INDEX IF NOT EXISTS "socialaccount_socialtoken_account_id_951f210e" ON "socialaccount_socialtoken" ("account_id");
CREATE INDEX IF NOT EXISTS "socialaccount_socialtoken_app_id_636a42d7" ON "socialaccount_socialtoken" ("app_id");
CREATE UNIQUE INDEX "socialaccount_socialaccount_provider_uid_fc810c6e_uniq" ON "socialaccount_socialaccount" ("provider", "uid");
CREATE INDEX IF NOT EXISTS "socialaccount_socialaccount_user_id_8146e70c" ON "socialaccount_socialaccount" ("user_id");
CREATE INDEX IF NOT EXISTS "webpush_pushinformation_group_id_262dcc9a" ON "webpush_pushinformation" ("group_id");
CREATE INDEX IF NOT EXISTS "webpush_pushinformation_subscription_id_7989aa34" ON "webpush_pushinformation" ("subscription_id");
CREATE INDEX IF NOT EXISTS "webpush_pushinformation_user_id_5e083b7f" ON "webpush_pushinformation" ("user_id");
CREATE INDEX IF NOT EXISTS "post_post_author_id_99d134d5" ON "post_post" ("author_id");
CREATE UNIQUE INDEX "post_post_likes_post_id_user_id_eb89d62d_uniq" ON "post_post_likes" ("post_id", "user_id");
CREATE INDEX IF NOT EXISTS "post_post_likes_post_id_9b7090a0" ON "post_post_likes" ("post_id");
CREATE INDEX IF NOT EXISTS "post_post_likes_user_id_42d3de6d" ON "post_post_likes" ("user_id");
CREATE INDEX IF NOT EXISTS "post_comment_author_id_d5c4c360" ON "post_comment" ("author_id");
CREATE INDEX IF NOT EXISTS "post_comment_post_id_ddc2d815" ON "post_comment" ("post_id");
CREATE TABLE IF NOT EXISTS "socialaccount_socialapp" ("id" integer NOT NULL PRIMARY KEY AUTOINCREMENT, "provider" varchar(30) NOT NULL, "name" varchar(40) NOT NULL, "client_id" varchar(191) NOT NULL, "key" varchar(191) NOT NULL, "secret" varchar(191) NOT NULL);
INSERT INTO "socialaccount_socialapp" VALUES(1,'google','Google','596060120455-ofl2p5ak9dms3ip2rl55pen2e047d10c.apps.googleusercontent.com','','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');
CREATE UNIQUE INDEX "auth_group_permissions_group_id_permission_id_0cd325b0_uniq" ON "auth_group_permissions" ("group_id", "permission_id");
CREATE INDEX IF NOT EXISTS "auth_group_permissions_group_id_b120cbf9" ON "auth_group_permissions" ("group_id");
CREATE INDEX IF NOT EXISTS "auth_group_permissions_permission_id_84c5c92e" ON "auth_group_permissions" ("permission_id");
CREATE UNIQUE INDEX "auth_user_groups_user_id_group_id_94350c0c_uniq" ON "auth_user_groups" ("user_id", "group_id");
CREATE INDEX IF NOT EXISTS "auth_user_groups_user_id_6a12ed8b" ON "auth_user_groups" ("user_id");
CREATE INDEX IF NOT EXISTS "auth_user_groups_group_id_97559544" ON "auth_user_groups" ("group_id");
CREATE UNIQUE INDEX "auth_user_user_permissions_user_id_permission_id_14a6b632_uniq" ON "auth_user_user_permissions" ("user_id", "permission_id");
CREATE INDEX IF NOT EXISTS "auth_user_user_permissions_user_id_a95ead1b" ON "auth_user_user_permissions" ("user_id");
CREATE INDEX IF NOT EXISTS "auth_user_user_permissions_permission_id_1fbb5f2c" ON "auth_user_user_permissions" ("permission_id");
CREATE INDEX IF NOT EXISTS "django_admin_log_content_type_id_c4bce8eb" ON "django_admin_log" ("content_type_id");
CREATE INDEX IF NOT EXISTS "django_admin_log_user_id_c564eba6" ON "django_admin_log" ("user_id");
CREATE UNIQUE INDEX "django_content_type_app_label_model_76bd3d3b_uniq" ON "django_content_type" ("app_label", "model");
CREATE UNIQUE INDEX "auth_permission_content_type_id_codename_01ab375a_uniq" ON "auth_permission" ("content_type_id", "codename");
CREATE INDEX IF NOT EXISTS "auth_permission_content_type_id_2f476e4b" ON "auth_permission" ("content_type_id");
CREATE INDEX IF NOT EXISTS "django_session_expire_date_a5c62663" ON "django_session" ("expire_date");
CREATE UNIQUE INDEX "users_profile_likes_profile_id_user_id_68ec7f39_uniq" ON "users_profile_likes" ("profile_id", "user_id");
CREATE INDEX IF NOT EXISTS "users_profile_likes_profile_id_8464ce72" ON "users_profile_likes" ("profile_id");
CREATE INDEX IF NOT EXISTS "users_profile_likes_user_id_558e1c78" ON "users_profile_likes" ("user_id");
CREATE INDEX IF NOT EXISTS "main_chat_author_id_45fd454e" ON "main_chat" ("author_id");
CREATE INDEX IF NOT EXISTS "main_chat_person_to_id_b665086c" ON "main_chat" ("person_to_id");
CREATE INDEX IF NOT EXISTS "account_emailconfirmation_email_address_id_5b7f8c58" ON "account_emailconfirmation" ("email_address_id");
CREATE INDEX IF NOT EXISTS "account_emailaddress_user_id_2c513194" ON "account_emailaddress" ("user_id");
CREATE UNIQUE INDEX "socialaccount_socialtoken_app_id_account_id_fca4e0ac_uniq" ON "socialaccount_socialtoken" ("app_id", "account_id");
CREATE UNIQUE INDEX "socialaccount_socialapp_sites_socialapp_id_site_id_71a9a768_uniq" ON "socialaccount_socialapp_sites" ("socialapp_id", "site_id");
CREATE INDEX IF NOT EXISTS "socialaccount_socialapp_sites_socialapp_id_97fb6e7d" ON "socialaccount_socialapp_sites" ("socialapp_id");
CREATE INDEX IF NOT EXISTS "socialaccount_socialapp_sites_site_id_2579dee5" ON "socialaccount_socialapp_sites" ("site_id");
CREATE INDEX IF NOT EXISTS "socialaccount_socialtoken_account_id_951f210e" ON "socialaccount_socialtoken" ("account_id");
CREATE INDEX IF NOT EXISTS "socialaccount_socialtoken_app_id_636a42d7" ON "socialaccount_socialtoken" ("app_id");
CREATE UNIQUE INDEX "socialaccount_socialaccount_provider_uid_fc810c6e_uniq" ON "socialaccount_socialaccount" ("provider", "uid");
CREATE INDEX IF NOT EXISTS "socialaccount_socialaccount_user_id_8146e70c" ON "socialaccount_socialaccount" ("user_id");
CREATE INDEX IF NOT EXISTS "webpush_pushinformation_group_id_262dcc9a" ON "webpush_pushinformation" ("group_id");
CREATE INDEX IF NOT EXISTS "webpush_pushinformation_subscription_id_7989aa34" ON "webpush_pushinformation" ("subscription_id");
CREATE INDEX IF NOT EXISTS "webpush_pushinformation_user_id_5e083b7f" ON "webpush_pushinformation" ("user_id");
CREATE INDEX IF NOT EXISTS "post_post_author_id_99d134d5" ON "post_post" ("author_id");
CREATE UNIQUE INDEX "post_post_likes_post_id_user_id_eb89d62d_uniq" ON "post_post_likes" ("post_id", "user_id");
CREATE INDEX IF NOT EXISTS "post_post_likes_post_id_9b7090a0" ON "post_post_likes" ("post_id");
CREATE INDEX IF NOT EXISTS "post_post_likes_user_id_42d3de6d" ON "post_post_likes" ("user_id");
CREATE INDEX IF NOT EXISTS "post_comment_author_id_d5c4c360" ON "post_comment" ("author_id");
CREATE INDEX IF NOT EXISTS "post_comment_post_id_ddc2d815" ON "post_comment" ("post_id");
CREATE TABLE IF NOT EXISTS "socialaccount_socialapp_sites" ("id" integer NOT NULL PRIMARY KEY AUTOINCREMENT, "socialapp_id" integer NOT NULL REFERENCES "socialaccount_socialapp" ("id") DEFERRABLE INITIALLY DEFERRED, "site_id" integer NOT NULL REFERENCES "django_site" ("id") DEFERRABLE INITIALLY DEFERRED);
INSERT INTO "socialaccount_socialapp_sites" VALUES(1,1,1);
CREATE UNIQUE INDEX "auth_group_permissions_group_id_permission_id_0cd325b0_uniq" ON "auth_group_permissions" ("group_id", "permission_id");
CREATE INDEX IF NOT EXISTS "auth_group_permissions_group_id_b120cbf9" ON "auth_group_permissions" ("group_id");
CREATE INDEX IF NOT EXISTS "auth_group_permissions_permission_id_84c5c92e" ON "auth_group_permissions" ("permission_id");
CREATE UNIQUE INDEX "auth_user_groups_user_id_group_id_94350c0c_uniq" ON "auth_user_groups" ("user_id", "group_id");
CREATE INDEX IF NOT EXISTS "auth_user_groups_user_id_6a12ed8b" ON "auth_user_groups" ("user_id");
CREATE INDEX IF NOT EXISTS "auth_user_groups_group_id_97559544" ON "auth_user_groups" ("group_id");
CREATE UNIQUE INDEX "auth_user_user_permissions_user_id_permission_id_14a6b632_uniq" ON "auth_user_user_permissions" ("user_id", "permission_id");
CREATE INDEX IF NOT EXISTS "auth_user_user_permissions_user_id_a95ead1b" ON "auth_user_user_permissions" ("user_id");
CREATE INDEX IF NOT EXISTS "auth_user_user_permissions_permission_id_1fbb5f2c" ON "auth_user_user_permissions" ("permission_id");
CREATE INDEX IF NOT EXISTS "django_admin_log_content_type_id_c4bce8eb" ON "django_admin_log" ("content_type_id");
CREATE INDEX IF NOT EXISTS "django_admin_log_user_id_c564eba6" ON "django_admin_log" ("user_id");
CREATE UNIQUE INDEX "django_content_type_app_label_model_76bd3d3b_uniq" ON "django_content_type" ("app_label", "model");
CREATE UNIQUE INDEX "auth_permission_content_type_id_codename_01ab375a_uniq" ON "auth_permission" ("content_type_id", "codename");
CREATE INDEX IF NOT EXISTS "auth_permission_content_type_id_2f476e4b" ON "auth_permission" ("content_type_id");
CREATE INDEX IF NOT EXISTS "django_session_expire_date_a5c62663" ON "django_session" ("expire_date");
CREATE UNIQUE INDEX "users_profile_likes_profile_id_user_id_68ec7f39_uniq" ON "users_profile_likes" ("profile_id", "user_id");
CREATE INDEX IF NOT EXISTS "users_profile_likes_profile_id_8464ce72" ON "users_profile_likes" ("profile_id");
CREATE INDEX IF NOT EXISTS "users_profile_likes_user_id_558e1c78" ON "users_profile_likes" ("user_id");
CREATE INDEX IF NOT EXISTS "main_chat_author_id_45fd454e" ON "main_chat" ("author_id");
CREATE INDEX IF NOT EXISTS "main_chat_person_to_id_b665086c" ON "main_chat" ("person_to_id");
CREATE INDEX IF NOT EXISTS "account_emailconfirmation_email_address_id_5b7f8c58" ON "account_emailconfirmation" ("email_address_id");
CREATE INDEX IF NOT EXISTS "account_emailaddress_user_id_2c513194" ON "account_emailaddress" ("user_id");
CREATE UNIQUE INDEX "socialaccount_socialtoken_app_id_account_id_fca4e0ac_uniq" ON "socialaccount_socialtoken" ("app_id", "account_id");
CREATE UNIQUE INDEX "socialaccount_socialapp_sites_socialapp_id_site_id_71a9a768_uniq" ON "socialaccount_socialapp_sites" ("socialapp_id", "site_id");
CREATE INDEX IF NOT EXISTS "socialaccount_socialapp_sites_socialapp_id_97fb6e7d" ON "socialaccount_socialapp_sites" ("socialapp_id");
CREATE INDEX IF NOT EXISTS "socialaccount_socialapp_sites_site_id_2579dee5" ON "socialaccount_socialapp_sites" ("site_id");
CREATE INDEX IF NOT EXISTS "socialaccount_socialtoken_account_id_951f210e" ON "socialaccount_socialtoken" ("account_id");
CREATE INDEX IF NOT EXISTS "socialaccount_socialtoken_app_id_636a42d7" ON "socialaccount_socialtoken" ("app_id");
CREATE UNIQUE INDEX "socialaccount_socialaccount_provider_uid_fc810c6e_uniq" ON "socialaccount_socialaccount" ("provider", "uid");
CREATE INDEX IF NOT EXISTS "socialaccount_socialaccount_user_id_8146e70c" ON "socialaccount_socialaccount" ("user_id");
CREATE INDEX IF NOT EXISTS "webpush_pushinformation_group_id_262dcc9a" ON "webpush_pushinformation" ("group_id");
CREATE INDEX IF NOT EXISTS "webpush_pushinformation_subscription_id_7989aa34" ON "webpush_pushinformation" ("subscription_id");
CREATE INDEX IF NOT EXISTS "webpush_pushinformation_user_id_5e083b7f" ON "webpush_pushinformation" ("user_id");
CREATE INDEX IF NOT EXISTS "post_post_author_id_99d134d5" ON "post_post" ("author_id");
CREATE UNIQUE INDEX "post_post_likes_post_id_user_id_eb89d62d_uniq" ON "post_post_likes" ("post_id", "user_id");
CREATE INDEX IF NOT EXISTS "post_post_likes_post_id_9b7090a0" ON "post_post_likes" ("post_id");
CREATE INDEX IF NOT EXISTS "post_post_likes_user_id_42d3de6d" ON "post_post_likes" ("user_id");
CREATE INDEX IF NOT EXISTS "post_comment_author_id_d5c4c360" ON "post_comment" ("author_id");
CREATE INDEX IF NOT EXISTS "post_comment_post_id_ddc2d815" ON "post_comment" ("post_id");
CREATE TABLE IF NOT EXISTS "socialaccount_socialtoken" ("id" integer NOT NULL PRIMARY KEY AUTOINCREMENT, "token" text NOT NULL, "token_secret" text NOT NULL, "expires_at" datetime NULL, "account_id" integer NOT NULL REFERENCES "socialaccount_socialaccount" ("id") DEFERRABLE INITIALLY DEFERRED, "app_id" integer NOT NULL REFERENCES "socialaccount_socialapp" ("id") DEFERRABLE INITIALLY DEFERRED);
CREATE UNIQUE INDEX "auth_group_permissions_group_id_permission_id_0cd325b0_uniq" ON "auth_group_permissions" ("group_id", "permission_id");
CREATE INDEX IF NOT EXISTS "auth_group_permissions_group_id_b120cbf9" ON "auth_group_permissions" ("group_id");
CREATE INDEX IF NOT EXISTS "auth_group_permissions_permission_id_84c5c92e" ON "auth_group_permissions" ("permission_id");
CREATE UNIQUE INDEX "auth_user_groups_user_id_group_id_94350c0c_uniq" ON "auth_user_groups" ("user_id", "group_id");
CREATE INDEX IF NOT EXISTS "auth_user_groups_user_id_6a12ed8b" ON "auth_user_groups" ("user_id");
CREATE INDEX IF NOT EXISTS "auth_user_groups_group_id_97559544" ON "auth_user_groups" ("group_id");
CREATE UNIQUE INDEX "auth_user_user_permissions_user_id_permission_id_14a6b632_uniq" ON "auth_user_user_permissions" ("user_id", "permission_id");
CREATE INDEX IF NOT EXISTS "auth_user_user_permissions_user_id_a95ead1b" ON "auth_user_user_permissions" ("user_id");
CREATE INDEX IF NOT EXISTS "auth_user_user_permissions_permission_id_1fbb5f2c" ON "auth_user_user_permissions" ("permission_id");
CREATE INDEX IF NOT EXISTS "django_admin_log_content_type_id_c4bce8eb" ON "django_admin_log" ("content_type_id");
CREATE INDEX IF NOT EXISTS "django_admin_log_user_id_c564eba6" ON "django_admin_log" ("user_id");
CREATE UNIQUE INDEX "django_content_type_app_label_model_76bd3d3b_uniq" ON "django_content_type" ("app_label", "model");
CREATE UNIQUE INDEX "auth_permission_content_type_id_codename_01ab375a_uniq" ON "auth_permission" ("content_type_id", "codename");
CREATE INDEX IF NOT EXISTS "auth_permission_content_type_id_2f476e4b" ON "auth_permission" ("content_type_id");
CREATE INDEX IF NOT EXISTS "django_session_expire_date_a5c62663" ON "django_session" ("expire_date");
CREATE UNIQUE INDEX "users_profile_likes_profile_id_user_id_68ec7f39_uniq" ON "users_profile_likes" ("profile_id", "user_id");
CREATE INDEX IF NOT EXISTS "users_profile_likes_profile_id_8464ce72" ON "users_profile_likes" ("profile_id");
CREATE INDEX IF NOT EXISTS "users_profile_likes_user_id_558e1c78" ON "users_profile_likes" ("user_id");
CREATE INDEX IF NOT EXISTS "main_chat_author_id_45fd454e" ON "main_chat" ("author_id");
CREATE INDEX IF NOT EXISTS "main_chat_person_to_id_b665086c" ON "main_chat" ("person_to_id");
CREATE INDEX IF NOT EXISTS "account_emailconfirmation_email_address_id_5b7f8c58" ON "account_emailconfirmation" ("email_address_id");
CREATE INDEX IF NOT EXISTS "account_emailaddress_user_id_2c513194" ON "account_emailaddress" ("user_id");
CREATE UNIQUE INDEX "socialaccount_socialtoken_app_id_account_id_fca4e0ac_uniq" ON "socialaccount_socialtoken" ("app_id", "account_id");
CREATE UNIQUE INDEX "socialaccount_socialapp_sites_socialapp_id_site_id_71a9a768_uniq" ON "socialaccount_socialapp_sites" ("socialapp_id", "site_id");
CREATE INDEX IF NOT EXISTS "socialaccount_socialapp_sites_socialapp_id_97fb6e7d" ON "socialaccount_socialapp_sites" ("socialapp_id");
CREATE INDEX IF NOT EXISTS "socialaccount_socialapp_sites_site_id_2579dee5" ON "socialaccount_socialapp_sites" ("site_id");
CREATE INDEX IF NOT EXISTS "socialaccount_socialtoken_account_id_951f210e" ON "socialaccount_socialtoken" ("account_id");
CREATE INDEX IF NOT EXISTS "socialaccount_socialtoken_app_id_636a42d7" ON "socialaccount_socialtoken" ("app_id");
CREATE UNIQUE INDEX "socialaccount_socialaccount_provider_uid_fc810c6e_uniq" ON "socialaccount_socialaccount" ("provider", "uid");
CREATE INDEX IF NOT EXISTS "socialaccount_socialaccount_user_id_8146e70c" ON "socialaccount_socialaccount" ("user_id");
CREATE INDEX IF NOT EXISTS "webpush_pushinformation_group_id_262dcc9a" ON "webpush_pushinformation" ("group_id");
CREATE INDEX IF NOT EXISTS "webpush_pushinformation_subscription_id_7989aa34" ON "webpush_pushinformation" ("subscription_id");
CREATE INDEX IF NOT EXISTS "webpush_pushinformation_user_id_5e083b7f" ON "webpush_pushinformation" ("user_id");
CREATE INDEX IF NOT EXISTS "post_post_author_id_99d134d5" ON "post_post" ("author_id");
CREATE UNIQUE INDEX "post_post_likes_post_id_user_id_eb89d62d_uniq" ON "post_post_likes" ("post_id", "user_id");
CREATE INDEX IF NOT EXISTS "post_post_likes_post_id_9b7090a0" ON "post_post_likes" ("post_id");
CREATE INDEX IF NOT EXISTS "post_post_likes_user_id_42d3de6d" ON "post_post_likes" ("user_id");
CREATE INDEX IF NOT EXISTS "post_comment_author_id_d5c4c360" ON "post_comment" ("author_id");
CREATE INDEX IF NOT EXISTS "post_comment_post_id_ddc2d815" ON "post_comment" ("post_id");
CREATE TABLE IF NOT EXISTS "users_profile" ("id" integer NOT NULL PRIMARY KEY AUTOINCREMENT, "profile_pic" varchar(100) NOT NULL, "bio" text NOT NULL, "user_id" integer NOT NULL UNIQUE REFERENCES "auth_user" ("id") DEFERRABLE INITIALLY DEFERRED, "theme" bool NOT NULL, "notifications" bool NOT NULL);
INSERT INTO "users_profile" VALUES(1,'profile_pics/chessico.ico','Admin is as the name suggests the Admin of the site, but in Django there is an automatically included interface for a superuser.

So… Admin was created by me on the terminal, so you can''t just make a username with admin.',1,1,1);
INSERT INTO "users_profile" VALUES(3,'default.png','See the original site [here](https://flaskproject.projectnp.repl.co). This one was unjustly copied without retribution!

This site was NOT copied, and you may not make unjust accusations of your account will be shut down!
— Admin',3,0,1);
INSERT INTO "users_profile" VALUES(4,'profile_pics/Hobbit_house.jpg','I am the Admin''s cousin. I enjoy among other things, codeing, chess, juggling and electronics like Arduinos and Raspberry Pis.',4,1,0);
INSERT INTO "users_profile" VALUES(6,'profile_pics/Yoder.inc1.png','<hr>
My Name is Judah Yoder a.k.a. JDODER
I am a web developer, dabble in Arduino, like video editing, and design graphic animations and 3D video effects.
I also created this site, have any suggestions or comments, send me a message!!
<hr>',8,0,1);
INSERT INTO "users_profile" VALUES(8,'default.png','I am a account that does nothing than blocking people to use the username Administrator',10,1,0);
INSERT INTO "users_profile" VALUES(11,'profile_pics/DSC02025_ZDDvTYA.JPG','This is my bio',13,0,0);
INSERT INTO "users_profile" VALUES(12,'profile_pics/DSC02080_cGONI83.JPG','This is my bio',14,0,0);
INSERT INTO "users_profile" VALUES(13,'default.png','This is my bio',15,0,0);
CREATE UNIQUE INDEX "auth_group_permissions_group_id_permission_id_0cd325b0_uniq" ON "auth_group_permissions" ("group_id", "permission_id");
CREATE INDEX IF NOT EXISTS "auth_group_permissions_group_id_b120cbf9" ON "auth_group_permissions" ("group_id");
CREATE INDEX IF NOT EXISTS "auth_group_permissions_permission_id_84c5c92e" ON "auth_group_permissions" ("permission_id");
CREATE UNIQUE INDEX "auth_user_groups_user_id_group_id_94350c0c_uniq" ON "auth_user_groups" ("user_id", "group_id");
CREATE INDEX IF NOT EXISTS "auth_user_groups_user_id_6a12ed8b" ON "auth_user_groups" ("user_id");
CREATE INDEX IF NOT EXISTS "auth_user_groups_group_id_97559544" ON "auth_user_groups" ("group_id");
CREATE UNIQUE INDEX "auth_user_user_permissions_user_id_permission_id_14a6b632_uniq" ON "auth_user_user_permissions" ("user_id", "permission_id");
CREATE INDEX IF NOT EXISTS "auth_user_user_permissions_user_id_a95ead1b" ON "auth_user_user_permissions" ("user_id");
CREATE INDEX IF NOT EXISTS "auth_user_user_permissions_permission_id_1fbb5f2c" ON "auth_user_user_permissions" ("permission_id");
CREATE INDEX IF NOT EXISTS "django_admin_log_content_type_id_c4bce8eb" ON "django_admin_log" ("content_type_id");
CREATE INDEX IF NOT EXISTS "django_admin_log_user_id_c564eba6" ON "django_admin_log" ("user_id");
CREATE UNIQUE INDEX "django_content_type_app_label_model_76bd3d3b_uniq" ON "django_content_type" ("app_label", "model");
CREATE UNIQUE INDEX "auth_permission_content_type_id_codename_01ab375a_uniq" ON "auth_permission" ("content_type_id", "codename");
CREATE INDEX IF NOT EXISTS "auth_permission_content_type_id_2f476e4b" ON "auth_permission" ("content_type_id");
CREATE INDEX IF NOT EXISTS "django_session_expire_date_a5c62663" ON "django_session" ("expire_date");
CREATE UNIQUE INDEX "users_profile_likes_profile_id_user_id_68ec7f39_uniq" ON "users_profile_likes" ("profile_id", "user_id");
CREATE INDEX IF NOT EXISTS "users_profile_likes_profile_id_8464ce72" ON "users_profile_likes" ("profile_id");
CREATE INDEX IF NOT EXISTS "users_profile_likes_user_id_558e1c78" ON "users_profile_likes" ("user_id");
CREATE INDEX IF NOT EXISTS "main_chat_author_id_45fd454e" ON "main_chat" ("author_id");
CREATE INDEX IF NOT EXISTS "main_chat_person_to_id_b665086c" ON "main_chat" ("person_to_id");
CREATE INDEX IF NOT EXISTS "account_emailconfirmation_email_address_id_5b7f8c58" ON "account_emailconfirmation" ("email_address_id");
CREATE INDEX IF NOT EXISTS "account_emailaddress_user_id_2c513194" ON "account_emailaddress" ("user_id");
CREATE UNIQUE INDEX "socialaccount_socialtoken_app_id_account_id_fca4e0ac_uniq" ON "socialaccount_socialtoken" ("app_id", "account_id");
CREATE UNIQUE INDEX "socialaccount_socialapp_sites_socialapp_id_site_id_71a9a768_uniq" ON "socialaccount_socialapp_sites" ("socialapp_id", "site_id");
CREATE INDEX IF NOT EXISTS "socialaccount_socialapp_sites_socialapp_id_97fb6e7d" ON "socialaccount_socialapp_sites" ("socialapp_id");
CREATE INDEX IF NOT EXISTS "socialaccount_socialapp_sites_site_id_2579dee5" ON "socialaccount_socialapp_sites" ("site_id");
CREATE INDEX IF NOT EXISTS "socialaccount_socialtoken_account_id_951f210e" ON "socialaccount_socialtoken" ("account_id");
CREATE INDEX IF NOT EXISTS "socialaccount_socialtoken_app_id_636a42d7" ON "socialaccount_socialtoken" ("app_id");
CREATE UNIQUE INDEX "socialaccount_socialaccount_provider_uid_fc810c6e_uniq" ON "socialaccount_socialaccount" ("provider", "uid");
CREATE INDEX IF NOT EXISTS "socialaccount_socialaccount_user_id_8146e70c" ON "socialaccount_socialaccount" ("user_id");
CREATE INDEX IF NOT EXISTS "webpush_pushinformation_group_id_262dcc9a" ON "webpush_pushinformation" ("group_id");
CREATE INDEX IF NOT EXISTS "webpush_pushinformation_subscription_id_7989aa34" ON "webpush_pushinformation" ("subscription_id");
CREATE INDEX IF NOT EXISTS "webpush_pushinformation_user_id_5e083b7f" ON "webpush_pushinformation" ("user_id");
CREATE INDEX IF NOT EXISTS "post_post_author_id_99d134d5" ON "post_post" ("author_id");
CREATE UNIQUE INDEX "post_post_likes_post_id_user_id_eb89d62d_uniq" ON "post_post_likes" ("post_id", "user_id");
CREATE INDEX IF NOT EXISTS "post_post_likes_post_id_9b7090a0" ON "post_post_likes" ("post_id");
CREATE INDEX IF NOT EXISTS "post_post_likes_user_id_42d3de6d" ON "post_post_likes" ("user_id");
CREATE INDEX IF NOT EXISTS "post_comment_author_id_d5c4c360" ON "post_comment" ("author_id");
CREATE INDEX IF NOT EXISTS "post_comment_post_id_ddc2d815" ON "post_comment" ("post_id");
CREATE TABLE IF NOT EXISTS "users_profile_likes" ("id" integer NOT NULL PRIMARY KEY AUTOINCREMENT, "profile_id" bigint NOT NULL REFERENCES "users_profile" ("id") DEFERRABLE INITIALLY DEFERRED, "user_id" integer NOT NULL REFERENCES "auth_user" ("id") DEFERRABLE INITIALLY DEFERRED);
INSERT INTO "users_profile_likes" VALUES(1,1,1);
INSERT INTO "users_profile_likes" VALUES(2,1,3);
INSERT INTO "users_profile_likes" VALUES(3,1,4);
INSERT INTO "users_profile_likes" VALUES(4,1,8);
INSERT INTO "users_profile_likes" VALUES(5,1,10);
INSERT INTO "users_profile_likes" VALUES(8,4,1);
INSERT INTO "users_profile_likes" VALUES(10,3,3);
INSERT INTO "users_profile_likes" VALUES(12,4,8);
INSERT INTO "users_profile_likes" VALUES(13,11,8);
INSERT INTO "users_profile_likes" VALUES(14,11,10);
INSERT INTO "users_profile_likes" VALUES(15,11,15);
INSERT INTO "users_profile_likes" VALUES(16,12,10);
INSERT INTO "users_profile_likes" VALUES(17,13,10);
INSERT INTO "users_profile_likes" VALUES(18,8,1);
INSERT INTO "users_profile_likes" VALUES(19,8,3);
INSERT INTO "users_profile_likes" VALUES(20,8,4);
INSERT INTO "users_profile_likes" VALUES(21,8,8);
INSERT INTO "users_profile_likes" VALUES(22,8,10);
INSERT INTO "users_profile_likes" VALUES(23,8,13);
INSERT INTO "users_profile_likes" VALUES(24,8,14);
INSERT INTO "users_profile_likes" VALUES(25,8,15);
CREATE UNIQUE INDEX "auth_group_permissions_group_id_permission_id_0cd325b0_uniq" ON "auth_group_permissions" ("group_id", "permission_id");
CREATE INDEX IF NOT EXISTS "auth_group_permissions_group_id_b120cbf9" ON "auth_group_permissions" ("group_id");
CREATE INDEX IF NOT EXISTS "auth_group_permissions_permission_id_84c5c92e" ON "auth_group_permissions" ("permission_id");
CREATE UNIQUE INDEX "auth_user_groups_user_id_group_id_94350c0c_uniq" ON "auth_user_groups" ("user_id", "group_id");
CREATE INDEX IF NOT EXISTS "auth_user_groups_user_id_6a12ed8b" ON "auth_user_groups" ("user_id");
CREATE INDEX IF NOT EXISTS "auth_user_groups_group_id_97559544" ON "auth_user_groups" ("group_id");
CREATE UNIQUE INDEX "auth_user_user_permissions_user_id_permission_id_14a6b632_uniq" ON "auth_user_user_permissions" ("user_id", "permission_id");
CREATE INDEX IF NOT EXISTS "auth_user_user_permissions_user_id_a95ead1b" ON "auth_user_user_permissions" ("user_id");
CREATE INDEX IF NOT EXISTS "auth_user_user_permissions_permission_id_1fbb5f2c" ON "auth_user_user_permissions" ("permission_id");
CREATE INDEX IF NOT EXISTS "django_admin_log_content_type_id_c4bce8eb" ON "django_admin_log" ("content_type_id");
CREATE INDEX IF NOT EXISTS "django_admin_log_user_id_c564eba6" ON "django_admin_log" ("user_id");
CREATE UNIQUE INDEX "django_content_type_app_label_model_76bd3d3b_uniq" ON "django_content_type" ("app_label", "model");
CREATE UNIQUE INDEX "auth_permission_content_type_id_codename_01ab375a_uniq" ON "auth_permission" ("content_type_id", "codename");
CREATE INDEX IF NOT EXISTS "auth_permission_content_type_id_2f476e4b" ON "auth_permission" ("content_type_id");
CREATE INDEX IF NOT EXISTS "django_session_expire_date_a5c62663" ON "django_session" ("expire_date");
CREATE UNIQUE INDEX "users_profile_likes_profile_id_user_id_68ec7f39_uniq" ON "users_profile_likes" ("profile_id", "user_id");
CREATE INDEX IF NOT EXISTS "users_profile_likes_profile_id_8464ce72" ON "users_profile_likes" ("profile_id");
CREATE INDEX IF NOT EXISTS "users_profile_likes_user_id_558e1c78" ON "users_profile_likes" ("user_id");
CREATE INDEX IF NOT EXISTS "main_chat_author_id_45fd454e" ON "main_chat" ("author_id");
CREATE INDEX IF NOT EXISTS "main_chat_person_to_id_b665086c" ON "main_chat" ("person_to_id");
CREATE INDEX IF NOT EXISTS "account_emailconfirmation_email_address_id_5b7f8c58" ON "account_emailconfirmation" ("email_address_id");
CREATE INDEX IF NOT EXISTS "account_emailaddress_user_id_2c513194" ON "account_emailaddress" ("user_id");
CREATE UNIQUE INDEX "socialaccount_socialtoken_app_id_account_id_fca4e0ac_uniq" ON "socialaccount_socialtoken" ("app_id", "account_id");
CREATE UNIQUE INDEX "socialaccount_socialapp_sites_socialapp_id_site_id_71a9a768_uniq" ON "socialaccount_socialapp_sites" ("socialapp_id", "site_id");
CREATE INDEX IF NOT EXISTS "socialaccount_socialapp_sites_socialapp_id_97fb6e7d" ON "socialaccount_socialapp_sites" ("socialapp_id");
CREATE INDEX IF NOT EXISTS "socialaccount_socialapp_sites_site_id_2579dee5" ON "socialaccount_socialapp_sites" ("site_id");
CREATE INDEX IF NOT EXISTS "socialaccount_socialtoken_account_id_951f210e" ON "socialaccount_socialtoken" ("account_id");
CREATE INDEX IF NOT EXISTS "socialaccount_socialtoken_app_id_636a42d7" ON "socialaccount_socialtoken" ("app_id");
CREATE UNIQUE INDEX "socialaccount_socialaccount_provider_uid_fc810c6e_uniq" ON "socialaccount_socialaccount" ("provider", "uid");
CREATE INDEX IF NOT EXISTS "socialaccount_socialaccount_user_id_8146e70c" ON "socialaccount_socialaccount" ("user_id");
CREATE INDEX IF NOT EXISTS "webpush_pushinformation_group_id_262dcc9a" ON "webpush_pushinformation" ("group_id");
CREATE INDEX IF NOT EXISTS "webpush_pushinformation_subscription_id_7989aa34" ON "webpush_pushinformation" ("subscription_id");
CREATE INDEX IF NOT EXISTS "webpush_pushinformation_user_id_5e083b7f" ON "webpush_pushinformation" ("user_id");
CREATE INDEX IF NOT EXISTS "post_post_author_id_99d134d5" ON "post_post" ("author_id");
CREATE UNIQUE INDEX "post_post_likes_post_id_user_id_eb89d62d_uniq" ON "post_post_likes" ("post_id", "user_id");
CREATE INDEX IF NOT EXISTS "post_post_likes_post_id_9b7090a0" ON "post_post_likes" ("post_id");
CREATE INDEX IF NOT EXISTS "post_post_likes_user_id_42d3de6d" ON "post_post_likes" ("user_id");
CREATE INDEX IF NOT EXISTS "post_comment_author_id_d5c4c360" ON "post_comment" ("author_id");
CREATE INDEX IF NOT EXISTS "post_comment_post_id_ddc2d815" ON "post_comment" ("post_id");
CREATE TABLE IF NOT EXISTS "webpush_group" ("id" integer NOT NULL PRIMARY KEY AUTOINCREMENT, "name" varchar(255) NOT NULL UNIQUE);
CREATE UNIQUE INDEX "auth_group_permissions_group_id_permission_id_0cd325b0_uniq" ON "auth_group_permissions" ("group_id", "permission_id");
CREATE INDEX IF NOT EXISTS "auth_group_permissions_group_id_b120cbf9" ON "auth_group_permissions" ("group_id");
CREATE INDEX IF NOT EXISTS "auth_group_permissions_permission_id_84c5c92e" ON "auth_group_permissions" ("permission_id");
CREATE UNIQUE INDEX "auth_user_groups_user_id_group_id_94350c0c_uniq" ON "auth_user_groups" ("user_id", "group_id");
CREATE INDEX IF NOT EXISTS "auth_user_groups_user_id_6a12ed8b" ON "auth_user_groups" ("user_id");
CREATE INDEX IF NOT EXISTS "auth_user_groups_group_id_97559544" ON "auth_user_groups" ("group_id");
CREATE UNIQUE INDEX "auth_user_user_permissions_user_id_permission_id_14a6b632_uniq" ON "auth_user_user_permissions" ("user_id", "permission_id");
CREATE INDEX IF NOT EXISTS "auth_user_user_permissions_user_id_a95ead1b" ON "auth_user_user_permissions" ("user_id");
CREATE INDEX IF NOT EXISTS "auth_user_user_permissions_permission_id_1fbb5f2c" ON "auth_user_user_permissions" ("permission_id");
CREATE INDEX IF NOT EXISTS "django_admin_log_content_type_id_c4bce8eb" ON "django_admin_log" ("content_type_id");
CREATE INDEX IF NOT EXISTS "django_admin_log_user_id_c564eba6" ON "django_admin_log" ("user_id");
CREATE UNIQUE INDEX "django_content_type_app_label_model_76bd3d3b_uniq" ON "django_content_type" ("app_label", "model");
CREATE UNIQUE INDEX "auth_permission_content_type_id_codename_01ab375a_uniq" ON "auth_permission" ("content_type_id", "codename");
CREATE INDEX IF NOT EXISTS "auth_permission_content_type_id_2f476e4b" ON "auth_permission" ("content_type_id");
CREATE INDEX IF NOT EXISTS "django_session_expire_date_a5c62663" ON "django_session" ("expire_date");
CREATE UNIQUE INDEX "users_profile_likes_profile_id_user_id_68ec7f39_uniq" ON "users_profile_likes" ("profile_id", "user_id");
CREATE INDEX IF NOT EXISTS "users_profile_likes_profile_id_8464ce72" ON "users_profile_likes" ("profile_id");
CREATE INDEX IF NOT EXISTS "users_profile_likes_user_id_558e1c78" ON "users_profile_likes" ("user_id");
CREATE INDEX IF NOT EXISTS "main_chat_author_id_45fd454e" ON "main_chat" ("author_id");
CREATE INDEX IF NOT EXISTS "main_chat_person_to_id_b665086c" ON "main_chat" ("person_to_id");
CREATE INDEX IF NOT EXISTS "account_emailconfirmation_email_address_id_5b7f8c58" ON "account_emailconfirmation" ("email_address_id");
CREATE INDEX IF NOT EXISTS "account_emailaddress_user_id_2c513194" ON "account_emailaddress" ("user_id");
CREATE UNIQUE INDEX "socialaccount_socialtoken_app_id_account_id_fca4e0ac_uniq" ON "socialaccount_socialtoken" ("app_id", "account_id");
CREATE UNIQUE INDEX "socialaccount_socialapp_sites_socialapp_id_site_id_71a9a768_uniq" ON "socialaccount_socialapp_sites" ("socialapp_id", "site_id");
CREATE INDEX IF NOT EXISTS "socialaccount_socialapp_sites_socialapp_id_97fb6e7d" ON "socialaccount_socialapp_sites" ("socialapp_id");
CREATE INDEX IF NOT EXISTS "socialaccount_socialapp_sites_site_id_2579dee5" ON "socialaccount_socialapp_sites" ("site_id");
CREATE INDEX IF NOT EXISTS "socialaccount_socialtoken_account_id_951f210e" ON "socialaccount_socialtoken" ("account_id");
CREATE INDEX IF NOT EXISTS "socialaccount_socialtoken_app_id_636a42d7" ON "socialaccount_socialtoken" ("app_id");
CREATE UNIQUE INDEX "socialaccount_socialaccount_provider_uid_fc810c6e_uniq" ON "socialaccount_socialaccount" ("provider", "uid");
CREATE INDEX IF NOT EXISTS "socialaccount_socialaccount_user_id_8146e70c" ON "socialaccount_socialaccount" ("user_id");
CREATE INDEX IF NOT EXISTS "webpush_pushinformation_group_id_262dcc9a" ON "webpush_pushinformation" ("group_id");
CREATE INDEX IF NOT EXISTS "webpush_pushinformation_subscription_id_7989aa34" ON "webpush_pushinformation" ("subscription_id");
CREATE INDEX IF NOT EXISTS "webpush_pushinformation_user_id_5e083b7f" ON "webpush_pushinformation" ("user_id");
CREATE INDEX IF NOT EXISTS "post_post_author_id_99d134d5" ON "post_post" ("author_id");
CREATE UNIQUE INDEX "post_post_likes_post_id_user_id_eb89d62d_uniq" ON "post_post_likes" ("post_id", "user_id");
CREATE INDEX IF NOT EXISTS "post_post_likes_post_id_9b7090a0" ON "post_post_likes" ("post_id");
CREATE INDEX IF NOT EXISTS "post_post_likes_user_id_42d3de6d" ON "post_post_likes" ("user_id");
CREATE INDEX IF NOT EXISTS "post_comment_author_id_d5c4c360" ON "post_comment" ("author_id");
CREATE INDEX IF NOT EXISTS "post_comment_post_id_ddc2d815" ON "post_comment" ("post_id");
CREATE TABLE IF NOT EXISTS "webpush_pushinformation" ("id" integer NOT NULL PRIMARY KEY AUTOINCREMENT, "group_id" bigint NULL REFERENCES "webpush_group" ("id") DEFERRABLE INITIALLY DEFERRED, "subscription_id" integer NOT NULL REFERENCES "webpush_subscriptioninfo" ("id") DEFERRABLE INITIALLY DEFERRED, "user_id" integer NULL REFERENCES "auth_user" ("id") DEFERRABLE INITIALLY DEFERRED);
CREATE UNIQUE INDEX "auth_group_permissions_group_id_permission_id_0cd325b0_uniq" ON "auth_group_permissions" ("group_id", "permission_id");
CREATE INDEX IF NOT EXISTS "auth_group_permissions_group_id_b120cbf9" ON "auth_group_permissions" ("group_id");
CREATE INDEX IF NOT EXISTS "auth_group_permissions_permission_id_84c5c92e" ON "auth_group_permissions" ("permission_id");
CREATE UNIQUE INDEX "auth_user_groups_user_id_group_id_94350c0c_uniq" ON "auth_user_groups" ("user_id", "group_id");
CREATE INDEX IF NOT EXISTS "auth_user_groups_user_id_6a12ed8b" ON "auth_user_groups" ("user_id");
CREATE INDEX IF NOT EXISTS "auth_user_groups_group_id_97559544" ON "auth_user_groups" ("group_id");
CREATE UNIQUE INDEX "auth_user_user_permissions_user_id_permission_id_14a6b632_uniq" ON "auth_user_user_permissions" ("user_id", "permission_id");
CREATE INDEX IF NOT EXISTS "auth_user_user_permissions_user_id_a95ead1b" ON "auth_user_user_permissions" ("user_id");
CREATE INDEX IF NOT EXISTS "auth_user_user_permissions_permission_id_1fbb5f2c" ON "auth_user_user_permissions" ("permission_id");
CREATE INDEX IF NOT EXISTS "django_admin_log_content_type_id_c4bce8eb" ON "django_admin_log" ("content_type_id");
CREATE INDEX IF NOT EXISTS "django_admin_log_user_id_c564eba6" ON "django_admin_log" ("user_id");
CREATE UNIQUE INDEX "django_content_type_app_label_model_76bd3d3b_uniq" ON "django_content_type" ("app_label", "model");
CREATE UNIQUE INDEX "auth_permission_content_type_id_codename_01ab375a_uniq" ON "auth_permission" ("content_type_id", "codename");
CREATE INDEX IF NOT EXISTS "auth_permission_content_type_id_2f476e4b" ON "auth_permission" ("content_type_id");
CREATE INDEX IF NOT EXISTS "django_session_expire_date_a5c62663" ON "django_session" ("expire_date");
CREATE UNIQUE INDEX "users_profile_likes_profile_id_user_id_68ec7f39_uniq" ON "users_profile_likes" ("profile_id", "user_id");
CREATE INDEX IF NOT EXISTS "users_profile_likes_profile_id_8464ce72" ON "users_profile_likes" ("profile_id");
CREATE INDEX IF NOT EXISTS "users_profile_likes_user_id_558e1c78" ON "users_profile_likes" ("user_id");
CREATE INDEX IF NOT EXISTS "main_chat_author_id_45fd454e" ON "main_chat" ("author_id");
CREATE INDEX IF NOT EXISTS "main_chat_person_to_id_b665086c" ON "main_chat" ("person_to_id");
CREATE INDEX IF NOT EXISTS "account_emailconfirmation_email_address_id_5b7f8c58" ON "account_emailconfirmation" ("email_address_id");
CREATE INDEX IF NOT EXISTS "account_emailaddress_user_id_2c513194" ON "account_emailaddress" ("user_id");
CREATE UNIQUE INDEX "socialaccount_socialtoken_app_id_account_id_fca4e0ac_uniq" ON "socialaccount_socialtoken" ("app_id", "account_id");
CREATE UNIQUE INDEX "socialaccount_socialapp_sites_socialapp_id_site_id_71a9a768_uniq" ON "socialaccount_socialapp_sites" ("socialapp_id", "site_id");
CREATE INDEX IF NOT EXISTS "socialaccount_socialapp_sites_socialapp_id_97fb6e7d" ON "socialaccount_socialapp_sites" ("socialapp_id");
CREATE INDEX IF NOT EXISTS "socialaccount_socialapp_sites_site_id_2579dee5" ON "socialaccount_socialapp_sites" ("site_id");
CREATE INDEX IF NOT EXISTS "socialaccount_socialtoken_account_id_951f210e" ON "socialaccount_socialtoken" ("account_id");
CREATE INDEX IF NOT EXISTS "socialaccount_socialtoken_app_id_636a42d7" ON "socialaccount_socialtoken" ("app_id");
CREATE UNIQUE INDEX "socialaccount_socialaccount_provider_uid_fc810c6e_uniq" ON "socialaccount_socialaccount" ("provider", "uid");
CREATE INDEX IF NOT EXISTS "socialaccount_socialaccount_user_id_8146e70c" ON "socialaccount_socialaccount" ("user_id");
CREATE INDEX IF NOT EXISTS "webpush_pushinformation_group_id_262dcc9a" ON "webpush_pushinformation" ("group_id");
CREATE INDEX IF NOT EXISTS "webpush_pushinformation_subscription_id_7989aa34" ON "webpush_pushinformation" ("subscription_id");
CREATE INDEX IF NOT EXISTS "webpush_pushinformation_user_id_5e083b7f" ON "webpush_pushinformation" ("user_id");
CREATE INDEX IF NOT EXISTS "post_post_author_id_99d134d5" ON "post_post" ("author_id");
CREATE UNIQUE INDEX "post_post_likes_post_id_user_id_eb89d62d_uniq" ON "post_post_likes" ("post_id", "user_id");
CREATE INDEX IF NOT EXISTS "post_post_likes_post_id_9b7090a0" ON "post_post_likes" ("post_id");
CREATE INDEX IF NOT EXISTS "post_post_likes_user_id_42d3de6d" ON "post_post_likes" ("user_id");
CREATE INDEX IF NOT EXISTS "post_comment_author_id_d5c4c360" ON "post_comment" ("author_id");
CREATE INDEX IF NOT EXISTS "post_comment_post_id_ddc2d815" ON "post_comment" ("post_id");
CREATE TABLE IF NOT EXISTS "webpush_subscriptioninfo" ("id" integer NOT NULL PRIMARY KEY AUTOINCREMENT, "browser" varchar(100) NOT NULL, "endpoint" varchar(500) NOT NULL, "auth" varchar(100) NOT NULL, "p256dh" varchar(100) NOT NULL);
CREATE UNIQUE INDEX "auth_group_permissions_group_id_permission_id_0cd325b0_uniq" ON "auth_group_permissions" ("group_id", "permission_id");
CREATE INDEX IF NOT EXISTS "auth_group_permissions_group_id_b120cbf9" ON "auth_group_permissions" ("group_id");
CREATE INDEX IF NOT EXISTS "auth_group_permissions_permission_id_84c5c92e" ON "auth_group_permissions" ("permission_id");
CREATE UNIQUE INDEX "auth_user_groups_user_id_group_id_94350c0c_uniq" ON "auth_user_groups" ("user_id", "group_id");
CREATE INDEX IF NOT EXISTS "auth_user_groups_user_id_6a12ed8b" ON "auth_user_groups" ("user_id");
CREATE INDEX IF NOT EXISTS "auth_user_groups_group_id_97559544" ON "auth_user_groups" ("group_id");
CREATE UNIQUE INDEX "auth_user_user_permissions_user_id_permission_id_14a6b632_uniq" ON "auth_user_user_permissions" ("user_id", "permission_id");
CREATE INDEX IF NOT EXISTS "auth_user_user_permissions_user_id_a95ead1b" ON "auth_user_user_permissions" ("user_id");
CREATE INDEX IF NOT EXISTS "auth_user_user_permissions_permission_id_1fbb5f2c" ON "auth_user_user_permissions" ("permission_id");
CREATE INDEX IF NOT EXISTS "django_admin_log_content_type_id_c4bce8eb" ON "django_admin_log" ("content_type_id");
CREATE INDEX IF NOT EXISTS "django_admin_log_user_id_c564eba6" ON "django_admin_log" ("user_id");
CREATE UNIQUE INDEX "django_content_type_app_label_model_76bd3d3b_uniq" ON "django_content_type" ("app_label", "model");
CREATE UNIQUE INDEX "auth_permission_content_type_id_codename_01ab375a_uniq" ON "auth_permission" ("content_type_id", "codename");
CREATE INDEX IF NOT EXISTS "auth_permission_content_type_id_2f476e4b" ON "auth_permission" ("content_type_id");
CREATE INDEX IF NOT EXISTS "django_session_expire_date_a5c62663" ON "django_session" ("expire_date");
CREATE UNIQUE INDEX "users_profile_likes_profile_id_user_id_68ec7f39_uniq" ON "users_profile_likes" ("profile_id", "user_id");
CREATE INDEX IF NOT EXISTS "users_profile_likes_profile_id_8464ce72" ON "users_profile_likes" ("profile_id");
CREATE INDEX IF NOT EXISTS "users_profile_likes_user_id_558e1c78" ON "users_profile_likes" ("user_id");
CREATE INDEX IF NOT EXISTS "main_chat_author_id_45fd454e" ON "main_chat" ("author_id");
CREATE INDEX IF NOT EXISTS "main_chat_person_to_id_b665086c" ON "main_chat" ("person_to_id");
CREATE INDEX IF NOT EXISTS "account_emailconfirmation_email_address_id_5b7f8c58" ON "account_emailconfirmation" ("email_address_id");
CREATE INDEX IF NOT EXISTS "account_emailaddress_user_id_2c513194" ON "account_emailaddress" ("user_id");
CREATE UNIQUE INDEX "socialaccount_socialtoken_app_id_account_id_fca4e0ac_uniq" ON "socialaccount_socialtoken" ("app_id", "account_id");
CREATE UNIQUE INDEX "socialaccount_socialapp_sites_socialapp_id_site_id_71a9a768_uniq" ON "socialaccount_socialapp_sites" ("socialapp_id", "site_id");
CREATE INDEX IF NOT EXISTS "socialaccount_socialapp_sites_socialapp_id_97fb6e7d" ON "socialaccount_socialapp_sites" ("socialapp_id");
CREATE INDEX IF NOT EXISTS "socialaccount_socialapp_sites_site_id_2579dee5" ON "socialaccount_socialapp_sites" ("site_id");
CREATE INDEX IF NOT EXISTS "socialaccount_socialtoken_account_id_951f210e" ON "socialaccount_socialtoken" ("account_id");
CREATE INDEX IF NOT EXISTS "socialaccount_socialtoken_app_id_636a42d7" ON "socialaccount_socialtoken" ("app_id");
CREATE UNIQUE INDEX "socialaccount_socialaccount_provider_uid_fc810c6e_uniq" ON "socialaccount_socialaccount" ("provider", "uid");
CREATE INDEX IF NOT EXISTS "socialaccount_socialaccount_user_id_8146e70c" ON "socialaccount_socialaccount" ("user_id");
CREATE INDEX IF NOT EXISTS "webpush_pushinformation_group_id_262dcc9a" ON "webpush_pushinformation" ("group_id");
CREATE INDEX IF NOT EXISTS "webpush_pushinformation_subscription_id_7989aa34" ON "webpush_pushinformation" ("subscription_id");
CREATE INDEX IF NOT EXISTS "webpush_pushinformation_user_id_5e083b7f" ON "webpush_pushinformation" ("user_id");
CREATE INDEX IF NOT EXISTS "post_post_author_id_99d134d5" ON "post_post" ("author_id");
CREATE UNIQUE INDEX "post_post_likes_post_id_user_id_eb89d62d_uniq" ON "post_post_likes" ("post_id", "user_id");
CREATE INDEX IF NOT EXISTS "post_post_likes_post_id_9b7090a0" ON "post_post_likes" ("post_id");
CREATE INDEX IF NOT EXISTS "post_post_likes_user_id_42d3de6d" ON "post_post_likes" ("user_id");
CREATE INDEX IF NOT EXISTS "post_comment_author_id_d5c4c360" ON "post_comment" ("author_id");
CREATE INDEX IF NOT EXISTS "post_comment_post_id_ddc2d815" ON "post_comment" ("post_id");
